,mom1.csv,mom12.csv,mom3.csv,mom6.csv,mom9.csv,average
1982M01,,,,,,
1982M02,,,,,,
1982M03,,,,,,
1982M04,,,,,,
1982M05,,,,,,
1982M06,,,,,,
1982M07,,,,,,
1982M08,,,,,,
1982M09,,,,,,
1982M10,,,,,,
1982M11,,,,,,
1982M12,,,,,,
1983M01,,,,,,
1983M02,,,,,,
1983M03,,,,,,
1983M04,,,,,,
1983M05,,,,,,
1983M06,,,,,,
1983M07,,,,,,
1983M08,,,,,,
1983M09,,,,,,
1983M10,,,,,,
1983M11,,,,,,
1983M12,,,,,,
1984M01,,,,,,
1984M02,,,,,,
1984M03,,,,,,
1984M04,,,,,,
1984M05,,,,,,
1984M06,,,,,,
1984M07,,,,,,
1984M08,,,,,,
1984M09,,,,,,
1984M10,,,,,,
1984M11,,,,,,
1984M12,,,,,,
1985M01,,,,,,
1985M02,,,,,,
1985M03,,,,,,
1985M04,,,,,,
1985M05,,,,,,
1985M06,,,,,,
1985M07,,,,,,
1985M08,,,,,,
1985M09,,,,,,
1985M10,,,,,,
1985M11,,,,,,
1985M12,,,,,,
1986M01,,,,,,
1986M02,,,,,,
1986M03,,,,,,
1986M04,,,,,,
1986M05,,,,,,
1986M06,,,,,,
1986M07,,,,,,
1986M08,,,,,,
1986M09,,,,,,
1986M10,,,,,,
1986M11,,,,,,
1986M12,,,,,,
1987M01,,,,,,
1987M02,,,,,,
1987M03,,,,,,
1987M04,,,,,,
1987M05,,,,,,
1987M06,,,,,,
1987M07,,,,,,
1987M08,,,,,,
1987M09,,,,,,
1987M10,,,,,,
1987M11,,,,,,
1987M12,,,,,,
1988M01,,,,,,
1988M02,,,,,,
1988M03,,,,,,
1988M04,,,,,,
1988M05,,,,,,
1988M06,,,,,,
1988M07,,,,,,
1988M08,,,,,,
1988M09,,,,,,
1988M10,,,,,,
1988M11,,,,,,
1988M12,,,,,,
1989M01,,,,,,
1989M02,,,,,,
1989M03,,,,,,
1989M04,,,,,,
1989M05,,,,,,
1989M06,,,,,,
1989M07,,,,,,
1989M08,,,,,,
1989M09,,,,,,
1989M10,,,,,,
1989M11,,,,,,
1989M12,,,,,,
1990M01,,,,,,
1990M02,,,,,,
1990M03,,,,,,
1990M04,,,,,,
1990M05,,,,,,
1990M06,,,,,,
1990M07,,,,,,
1990M08,,,,,,
1990M09,,,,,,
1990M10,,,,,,
1990M11,,,,,,
1990M12,,,,,,
1991M01,0.003507444351869434,-0.005384276921911176,-0.001594225200158414,-0.0004312815268321035,-0.0077429654617119075,-0.0023290609517488334
1991M02,-0.0026565751764741808,-0.006267399408926675,-0.002511077799635949,-0.0005008707437419566,-0.00861550859933867,-0.004110286345623487
1991M03,0.0023051878414558353,-0.00604498815532263,-0.0023575377610564685,-0.00037404772137205564,-0.00834409854402199,-0.002963096868063462
1991M04,-0.0024925848362985542,-0.006120710188566358,-0.002490292154425669,-0.0005471708133817953,-0.00838279184757241,-0.004006709968048958
1991M05,-0.0024746651366414196,-0.006043900555254242,-0.00247354660525268,-0.0005619733424342254,-0.00826503813077504,-0.003963824754071521
1991M06,0.0020523741553499044,-0.0036374755673488006,0.0027889307901432696,-1.1300438416233984e-05,-0.007576802931884407,-0.0012768547984312536
1991M07,0.0020277993207830397,-0.005413691291416872,0.002745138441615653,1.3734841045641684e-06,-0.007439896609101499,-0.0016158553308030228
1991M08,-0.001882936154319681,-0.00598842372459628,-0.0019188181613789955,-0.0006593123582101084,-0.007991218189305014,-0.0036881417175620157
1991M09,-0.0020958809111694945,-0.006127238452683193,-0.002118106594621758,-0.0008813944513968013,-0.008100445937445543,-0.003864613269463358
1991M10,0.0012042213226226154,-0.005616216324695263,-0.0016755716482406429,-0.0016795948522094024,-0.007550607721758384,-0.0030635538448562155
1991M11,0.0012216886861659906,-0.005498584881079198,0.0018011602921829913,-0.0015963980303360414,0.0047153373963544016,0.00012864069265762883
1991M12,-0.0016251538018517316,-0.005441941857322645,0.0017281464884002242,-0.00045107761573636443,-0.007401406695978031,-0.0026382866964977094
1992M01,-0.0017916455963514725,-0.005540062371999305,-0.0016185114899987666,-0.0006277906345181594,-0.007472811698392546,-0.00341016435825205
1992M02,0.0011685033957013354,-0.005437369782069723,-0.0015719785808349363,-0.0015986768443584701,-0.007338206653145768,-0.0029555456929415127
1992M03,-0.001739499159953144,-0.005707368357708903,-0.0019019103416462043,-0.0005953500827620471,-0.007588192879964395,-0.003506464164406939
1992M04,-0.0019700968388210787,-0.005862593427126658,-0.002113716597999392,-0.0008326000563445066,-0.0077206589003470626,-0.003699933164127739
1992M05,-0.0019664300647937224,-0.005805169764986223,-0.002108285233985535,-0.0008455781678904662,-0.007635050769670903,-0.00367210280026537
1992M06,0.0007130431551207331,-0.005599091792397185,-0.0019506906858188823,-0.0007015195907204028,-0.007397394811872531,-0.002987130745137653
1992M07,0.0011591901377483367,-0.005170138914595951,0.0014456509099566419,-0.0003234218335990667,-0.006931550145528548,-0.0019640539692037176
1992M08,-0.0017991919707816772,-0.0055073500583945325,0.000807518397767711,-0.0007419989567364451,-0.007253871029829386,-0.002898978723594866
1992M09,0.0006140148819338911,-0.0053756094456463965,0.0008800167921343006,-0.0006701231284186298,-0.007094968225230828,-0.0023293338250455326
1992M10,-0.001706484198998656,-0.005352042470823558,-0.001565839838548837,-0.002072397536701267,-0.007047848014018255,-0.0035489224118181147
1992M11,-0.002007730986493557,-0.00557179208704565,-0.001848632712840704,-0.0007091883886330774,-0.00725106728404627,-0.0034776822918118518
1992M12,-0.002003556174445442,-0.005522978189021346,-0.0018468575319111635,-0.0007226057986929747,-0.007179176723774557,-0.0034550348835690964
1993M01,-0.0022058314331946704,-0.005658504705979092,-0.002037887032091826,-0.0009284280848370304,-0.007296944965080541,-0.0036255192442366316
1993M02,-0.0021793427010779773,-0.0055923335703595015,-0.002015299443633389,-0.0009202490541351484,-0.00720835886072247,-0.0035831167259856972
1993M03,0.0005432527248792887,-0.005512720975743364,-0.001977463563738554,-0.0008964522817979805,-0.007106555635111382,-0.0029899879463023984
1993M04,0.001241610390839215,-0.0035243484308046455,0.0007946135387415674,-0.002489134577506283,-0.006494811581807856,-0.0020944141321076006
1993M05,0.002489040308414806,-0.001502868835960782,0.0022387686675002265,-0.0008926551786971525,0.0045694546762238405,0.0013803479274961876
1993M06,0.0025691891821413037,-0.00128430446241399,0.0023354261084623943,-0.0007289115383411796,0.004633650582962371,0.0015050099745621797
1993M07,0.0035712387126325966,0.00031051968200283137,0.0034874785356375,0.0005485350220710155,0.0059611431703565105,0.002775783024540091
1993M08,-0.0021366681546500068,-0.0005069553486388339,0.0028030430861513034,-0.00011919029222445446,0.005093014451081074,0.0010266487483438166
1993M09,-0.0031279226728072413,-0.0022111041474944474,-0.0014151575353054688,-0.001514936814558921,0.0034142120146359277,-0.0009709818311060301
1993M10,0.0029710489415666294,-0.0016039675195951716,-0.0010835925147644923,-0.0010308462523310887,0.0038569840981734138,0.000621925350609858
1993M11,0.0033619311616152536,-0.0009521770681968633,-0.0007198642955115139,-0.0005056812613121853,0.004347412281104471,0.0011063241635398322
1993M12,0.0038446730802728017,-0.0001824946243413261,0.0014294896548453857,0.00012113591507949772,0.004952813957808576,0.002033123596732987
1994M01,0.003986499756343,9.937110485278098e-05,0.0016349650121234983,-0.00034782994047806784,0.005114241773561796,0.0020974495412806014
1994M02,-0.002751416449063513,-4.348567420923988e-05,0.001490294231084358,0.00034916909545701,0.004887546436906189,0.0007864215280349607
1994M03,0.003826395185379339,0.00017631094286895375,0.0016478950802279611,0.0005287822494272451,0.004999746413624601,0.00223582597430562
1994M04,-0.0025711827434218826,-0.00016539007768818104,-0.0002815379285782804,0.00023246186017770033,-0.005472498814188852,-0.001651629540739899
1994M05,0.003520933789858686,4.8205576167296114e-05,0.001338086290297253,0.0004080212382534251,0.00459519754963968,0.001982088888843268
1994M06,0.003585727771247269,0.00019930570656148238,0.0014464480031482522,0.0005313840003309438,0.004657006744950742,0.0020839744452477377
1994M07,-0.00239569226723722,-0.00493492057022266,0.001378313142082308,0.0004777739647065401,0.004525374201284837,-0.00018983030587723868
1994M08,-0.0025377010030430015,0.0001429102630324669,-0.000146319593019538,-0.00042973970458691545,0.004215068203674953,0.00024884363321159313
1994M09,0.0034951393766662333,0.0007563217258609164,0.001146271160798393,0.000259802908069124,0.004717872822571955,0.0020750815987933243
1994M10,-0.0020767106015032503,0.0006408348335701338,0.0010407755392103754,0.00016794525960001474,0.004544059204822044,0.0008633808471398635
1994M11,-0.002297965968407534,0.0002826247495803895,0.0007253525771943679,-0.0001342530012097637,0.004145351021893055,0.0005442218758101029
1994M12,-0.0025660253831275336,-0.005036556916530584,0.00025876207735685806,-6.155995658712037e-06,-0.00527473878121312,-0.002524942999834619
1995M01,-0.0025541490523447122,-0.00499603467350007,0.00023698644987105375,-2.5497584235269873e-05,-0.005230898632138393,-0.0025139186984694784
1995M02,-0.002593167448909303,-0.005005297944357106,0.00016687409618411575,-9.498166113852945e-05,-0.0052375077772568385,-0.0025528161470955322
1995M03,0.003367277104178891,-0.004835954217062503,0.00035615659006120264,2.1953910187801537e-05,-0.00506349482251811,-0.0012308122870305436
1995M04,0.00396048705588005,-0.0001362270316318222,0.0010372661045950655,-0.0004906190543368989,0.0036912198995927327,0.0016124253948198255
1995M05,-0.0024464915705857027,-0.00030716639873122186,0.000874093411912583,-0.0006337224460451215,0.00347038069975005,0.00019141873926011732
1995M06,-0.002430479195111727,-0.00032013761967399947,0.0008461000823810079,-0.0006402690722661759,-0.004468838519059703,-0.0014027248647461195
1995M07,-0.002509787257085812,-0.004250641060296296,0.0002767675701391645,-0.0007632791215892785,-0.004523180950944054,-0.0023540241639552553
1995M08,0.0037688365593074027,-0.00046654474926759084,0.0002885391974552031,-0.0007340403906661887,0.0033991960067024174,0.0012511973247062488
1995M09,-0.0024658509578784973,-0.0041881319385631876,0.0002850884908369492,-0.0007241033531787213,0.003346614934421323,-0.0007492765648724267
1995M10,-0.002468456985847755,-0.004171543599458856,0.00025197438072572387,0.0005707733180487008,0.0032550725654274665,-0.000512436064220944
1995M11,0.0037183377559623807,-0.0004593194096272862,0.0007038877921378466,0.000596156736757664,0.0032475900991825813,0.0015613305948826372
1995M12,-0.0024097805328941835,-0.0004538688172156056,0.0002794663911245657,0.000587971807741009,0.0031981265376109028,0.00024038307727333773
1996M01,0.003667886836966931,8.196150169480654e-05,0.0006925014049180048,-0.000751104422575911,0.003642201103631771,0.0014666892849271207
1996M02,0.003838484817770642,0.0003392225764203092,0.0009132059248349153,-0.0005138742093133523,0.003830225821563501,0.001681452986255203
1996M03,-0.0020070132870503524,4.476343156555908e-06,0.0006068919418102782,-0.0007970762707756839,0.0034698842069078323,0.000255432586809726
1996M04,-0.002099773487616646,-0.004095441501365681,0.0006442468824498454,-0.0009240646295626278,0.0032765775993315767,-0.0006396910273527064
1996M05,-0.002118158935826617,-0.00015153362522762458,0.0005965535318543237,-0.0009613006048012097,0.003179758252451227,0.00010906372369001993
1996M06,-0.0023190463541754277,-0.004092134905947946,0.000368923293831763,0.0009658274871195243,-0.00445760958324861,-0.0019068080124841394
1996M07,-0.002365902513880613,-0.004120429427028751,0.0002942659395128755,0.0008794302640455718,-0.004482786425284325,-0.0019590844325270483
1996M08,0.0035103756685814272,-0.003961554475684257,0.0004038445859695434,0.0009898123277712059,-0.0043146918931454515,-0.0006744427573015064
1996M09,-0.0022271686347939404,-0.0040525579403748934,0.0002697133673379553,0.0008403980865726825,-0.004404824411929682,-0.0019148879066375757
1996M10,-0.002290662479295816,-0.004097037312943632,0.0001820369278041662,0.0007408005235993538,-0.004446950791446282,-0.001982362626456442
1996M11,-0.00237119497010558,-0.004158947382787957,7.815459431277975e-05,0.0006242078933687897,-0.004507114230769652,-0.0020669788191963238
1996M12,-0.002554970607603524,-0.004324480648727917,-0.00012643902607939342,0.0004007460280680117,-0.004674209948813176,-0.0022558708406311997
1997M01,-0.002869730738912167,-0.004621366941237322,-0.0004590111506445352,4.1620031907726e-05,-0.004976730924420943,-0.0025770439446614482
1997M02,-0.0029323006924207003,-0.004666420532722605,-0.0005439887480869002,-5.388357352636663e-05,-0.005019514379733775,-0.0026432215852980694
1997M03,0.00330635972820325,-0.004450098308443604,-0.0003718905649068633,0.00012380722743221686,-0.0047929670481093815,-0.0012369577931648766
1997M04,-0.0027331479715110227,-0.00471957336510366,-0.000675396944934391,-0.00020333931660045275,-0.0050671446949746395,-0.0026797204586248334
1997M05,-0.0027165418960094197,-0.004683842830203114,-0.000678862957557372,-0.00021178364946658089,-0.005026866530728359,-0.0026635795727929694
1997M06,-0.002726304548291255,-0.004674595255691918,-0.0007075726945713478,-0.0002468867637823065,-0.0050139480015235155,-0.0026738614527720686
1997M07,-0.0032312165322409903,-0.0051561434044859284,-0.001217194920594637,-0.0007913448243296387,-0.005506332343460181,-0.003180446405022275
1997M08,0.0028658233055035894,-0.0050599106802839385,-0.0011592160290990862,-0.0007341304107487094,-0.005403896831767119,-0.0018982661292790525
1997M09,0.0029004653852916507,-0.004959614021885622,-0.0010965458658198574,-0.0006719366031847734,-0.005297399441381509,-0.0018250061093960223
1997M10,0.003057940280125074,-0.004767271236853042,0.0004594908287383669,-0.000513423686215379,-0.005096344144209949,-0.001371921591682986
1997M11,-0.003152399942782262,-0.005159945635611396,-0.000942819023752112,-0.0009615699435039306,-0.005497027507958091,-0.0031427524107215583
1997M12,-0.0032903902829599647,-0.005274667729847823,-0.0010944997172464056,-0.0011202284912219954,-0.005611815811637158,-0.003278320406582669
1998M01,0.0024479797863703953,-0.005195187608084823,-0.0010530521681116581,-0.0010766036848942617,-0.005527006167216026,-0.002080773968387275
1998M02,0.0030863205261667417,-0.004648189487215642,-0.00017246011244915268,-0.0012156517360507719,-0.0049619088452299755,-0.0015823779309557598
1998M03,-0.003226483590728136,-0.004813735923395252,-0.00047353123794347185,-0.0005474814106891019,-0.005129118190050722,-0.0028380700705613366
1998M04,0.002775246910852883,-0.004464737229138232,-1.9099873073619546e-05,-0.0014958958504743287,0.002855698156576665,-6.975757705132632e-05
1998M05,-0.002872792860981534,-0.004884041451070334,-0.0005475508044180716,-0.002135756186735016,-0.004767845816970031,-0.0030415974240349973
1998M06,-0.0031414235542972157,-0.005119123321598956,-0.0008247963099266026,-0.0002216135516744727,-0.005012360929607721,-0.0028638635334209935
1998M07,0.002130363542687963,-0.004983349668534124,-0.0007240033499534455,-0.00012172257314119208,-0.004872725929460867,-0.0017142875956803333
1998M08,-0.0030149888484673664,-0.005234838827996404,-0.001016547032152835,-0.0004328698516271486,-0.005134009653632989,-0.0029666508427753486
1998M09,0.0017074964848974926,-0.0051469693699816195,-0.0009632293081535569,-0.0003823832754897432,-0.005043960642073032,-0.001965809222160092
1998M10,0.001883722673704177,-0.004960616282732729,-0.0008091731182549222,-0.00022665067039792544,-0.004852069592573387,-0.0017929573980509574
1998M11,-0.0029407851050058348,-0.004967348983533807,-0.0006857533272287637,-0.0002753227967949886,-0.004859960220668168,-0.0027458340866463125
1998M12,-0.003002379945128786,-0.005007283886937428,-0.0008001740006231105,-0.0003584887481165717,-0.004902158923872479,-0.002814097100935675
1999M01,-0.0029904897792914133,-0.004980060369202218,-0.0008509050507037284,-0.0003696982520595747,-0.0048749037329618335,-0.0028132114368437534
1999M02,0.0017976665416438746,-0.004804836790551407,-0.0008107742130290667,-0.0025063460910023667,-0.004694715673657996,-0.0022038012453193924
1999M03,-0.002817348084880978,-0.004896807202549482,-0.0007042503137520483,-0.002674575264164667,-0.004790636521729513,-0.003176723477415337
1999M04,-0.00292687717380151,-0.004980270584360529,-0.0008258118261238643,-0.00022339601585822665,-0.004877706659344366,-0.0027668124518976994
1999M05,-0.002977574960777109,-0.005010408772381085,-0.0008912381264258921,-0.00029614537557952374,-0.004909658804089297,-0.0028170052078505814
1999M06,-0.003397837306803578,-0.005378673308892745,-0.0013079619582913207,-0.0007318775106240098,-0.0052906153415230445,-0.0032213930852269396
1999M07,-0.003447973108963266,-0.005409178647286192,-0.0013725256679958013,-0.0008033940477158682,-0.005322801314484036,-0.0032711745572890335
1999M08,0.0015965687101777114,-0.005326651535713196,-0.0013189906957942084,-0.0007527928914768681,-0.0052383398289944545,-0.0022080412483602035
1999M09,0.0018291504439311127,-0.005112238115732658,-0.0009996810920203044,-0.0005600527326800295,-0.005017868598201287,-0.0019721380189406334
1999M10,0.0032626828117633937,-0.00045519767253702223,0.0006233768522751252,-0.002828052590027056,0.002115159211137913,0.0005435937225224707
1999M11,-0.0033742981596677503,-0.001219795944242391,-1.7526186682997966e-05,-0.0034278671832434684,0.001387163979146534,-0.0013304646989380146
1999M12,-0.0035641051556185082,-0.004060523218761197,-0.0003249804394721237,-0.003695199777249541,-0.00393402487255518,-0.0031157666927313097
2000M01,0.0026554230135701572,-0.001575957968949764,-0.0011278756388296736,-0.003597341688860174,0.001029523697939959,-0.0005232457170258991
2000M02,0.0031508062670407063,-0.0008605015350236925,-0.0002663109480336568,-0.0029902291540479667,0.0016473688920663945,0.00013622670440035692
2000M03,-0.0034956365524792137,-0.0014776560106631656,-0.0007838892564593124,-0.003470972274809543,0.0010531537949381399,-0.0016350000598946187
2000M04,-0.0036012893592831823,-0.0016818700239768546,-0.0007314242649821835,0.0005316072755897322,0.0008351733852193744,-0.0009295605974866227
2000M05,-0.003679051266641729,-0.0018370610231715585,-0.0008285694188837582,0.0004211426688157499,0.0006623193438662438,-0.0010522439392030105
2000M06,0.002640843845481689,-0.0013859052401816187,-0.0009611777760741328,-0.0036160768445595735,0.0010444815799297473,-0.0004555668870807777
2000M07,-0.003391320024966604,-0.0015269052171539088,-0.0010863544694898794,0.0006737705090738119,-0.00386693478963432,-0.0018395487984341802
2000M08,-0.0035329924417719415,-0.0017811060860952205,-0.0005740873094267241,0.0005009598532427962,-0.003999499692218935,-0.001877345135254005
2000M09,-0.0035108764444554573,-0.0017678403257593098,-0.0005754126130457088,0.0004911383049503765,-0.003974666692888215,-0.0018675315542396626
2000M10,-0.003590989935416102,-0.003994499767310083,-0.0006754880113923613,0.0003803849604081266,-0.004048232019430405,-0.0023857649546281646
2000M11,-0.003688799562187048,-0.004084918591151784,-0.0007924208458674,0.00025254769589258313,-0.004138926682157224,-0.0024905035970941747
2000M12,0.002487273560736298,-0.003943777631824167,-0.0006739130882437626,0.00036575202837091825,-0.0039963293866330935,-0.0011521989035187612
2001M01,-0.003544164597223764,-0.004025038055377672,-0.0007807883281456833,0.000248492888955102,-0.004077802466992117,-0.0024358601117568266
2001M02,-0.003642149505786249,-0.004114506410523428,-0.000895613619865686,0.0001232603465361551,-0.0041675407040756,-0.0025393099787429617
2001M03,-0.003650437166665319,-0.004118950806685907,-0.0009237917041383293,8.678595986336281e-05,-0.00417163042945421,-0.0025556048294160805
2001M04,-0.003683866524986742,-0.004147326070415448,-0.0009759035345102606,2.5965822363687082e-05,-0.004199829574639997,-0.002596191976437752
2001M05,0.002307041923665813,-0.003844871400683942,-0.0013087324434470425,-0.0037103638072875427,-0.0038948212489807446,-0.002090349395346692
2001M06,-0.003368977846663563,-0.003897472437431671,-0.001418104807608222,0.0003087092436202276,-0.00394744122278884,-0.0024646574141744134
2001M07,-0.0034723379946799363,-0.003991287685624813,-0.0015898562518826694,0.00017982728094024223,-0.004041567438803512,-0.0025830444180101374
2001M08,0.0021685862144231534,-0.003926717793694299,-0.0006920467864920986,-0.003793344617999926,-0.003976188746555329,-0.0020439423460637
2001M09,0.0025209154405154213,-0.0036421629506994957,-0.0015163932076641589,-0.0033494041373960328,0.0008860913983634146,-0.0010201906913761703
2001M10,-0.0034077858105679474,-0.0019186941165276485,-0.001514869574281095,-0.0033281543259149594,0.0008591954094584252,-0.0018620616835666448
2001M11,-0.0036110671626206955,-0.0036265147349681627,-0.0018258083123385794,0.00021677895670300175,0.00048374546711489,-0.0016725731572219092
2001M12,0.0024819745694137046,-0.003517048808604592,-0.00042052717221836226,-0.0036231106595726982,0.0006217892467311505,-0.0008913845648501596
2002M01,0.0026817762674686066,-0.0022828860611928186,-0.0016780862412297017,-0.0033464258518618385,0.0008751243826648023,-0.0007500995008301901
2002M02,0.0029897084189391947,-0.0018338275207155034,-0.0013093342622740476,-0.00295645416884797,0.0012525758751057575,-0.0003714663315585138
2002M03,0.003001617692433504,-0.0017600447023061467,-0.0012529495903237779,-0.002882507594026317,0.0012858768606534782,-0.00032160146671385195
2002M04,0.0032247988742153282,-0.0014230265661609768,-0.0009755212045857329,-0.002585620163498066,0.001562838902176694,-3.9306031570550705e-05
2002M05,0.0035192812534286335,-0.0009995923369017644,-0.000624311505623744,-0.00221459926597169,0.0019208895592034672,0.0003203335408269805
2002M06,0.003727417972242523,-0.0006868703864946718,-0.00036484531796706715,-0.0019366355388349631,0.0021780730797306067,0.0005834279617352855
2002M07,-0.0034945228000167984,-0.000924299140877442,-0.0005681874546871275,-0.002126428684622868,0.0019277094631376611,-0.001037145723413315
2002M08,-0.003615023130396964,-0.001144980396642994,-0.000255652363324237,-0.002302871230778326,0.0016931214008438595,-0.0011250811440597322
2002M09,0.003495332353217696,-0.0008633614383828057,-8.619746762510453e-05,-0.0020510230835838377,0.0019241147327323897,0.00048377301927166755
2002M10,-0.0034189618997447976,-0.0009672468799773,-0.0001567817512354412,-0.002128505224513741,0.0017987680611383683,-0.0009745455388665822
2002M11,0.0033693647782777865,-0.0008354958407653297,-0.0007580455220443339,-0.002004516159050751,0.0018924956754472555,0.0003327605863729255
2002M12,0.003669493253846387,-0.0004297940335563134,-0.0004038011553395319,-0.0016451964913686188,0.0022413821340167184,0.0006864167415197282
2003M01,0.004235022325014879,0.0002909395003125657,0.00022745115168637428,-0.001014141467314887,0.0028841731334951406,0.0013246889286388148
2003M02,0.004229012076401559,0.00032617547051281984,0.0002589646760000496,-0.0009717152988310816,0.0028910102494495555,0.0013466894347065805
2003M03,-0.003316752552967334,-0.00017446059600393282,-0.00018021830958930927,-0.0013915492390442006,0.002399677328345488,-0.0005326606738518577
2003M04,-0.003536559551786644,-0.0005337772148511469,-7.952910507924838e-05,-0.0016908036949300697,0.0020397830468274944,-0.0007601773039639227
2003M05,0.0037739886223081363,0.00024585152122049347,0.00043706888487286957,-0.0010061065314800237,0.0027414412837323317,0.0012384487561307616
2003M06,-0.0029883402489710607,0.00019358702345154263,-0.0004962305417828344,-0.0010401931228272336,0.002668698533289062,-0.00033249567136810486
2003M07,-0.0029783128584667732,0.00017575018232593009,-0.0005059387332055355,0.00030474077958278435,0.002628478324335283,-7.505646108566219e-05
2003M08,0.0036979019551871073,0.0004419991149231051,-0.0002601175219087058,-0.0010447438333053734,0.002854005835515572,0.001137809110082341
2003M09,0.004084136693519396,0.0009148657450245533,0.00017221382626225485,-0.0006169069389336865,0.003273395146632878,0.0015655408945010791
2003M10,-0.0027733635017451594,0.0008716754944889543,0.00013989629603607166,-0.0006415194834566057,0.0032111660289874796,0.0001615709668621481
2003M11,0.00401864550871427,0.0011566893847548246,0.0004036413934304999,-0.00037785903703365157,0.003456413059011514,0.0017315060617754913
2003M12,0.004415909903419067,0.0016318799275675915,0.0008395859013343622,5.358689742365394e-05,0.003880457624788418,0.0021642840509066186
2004M01,0.004673355754665425,0.0019482760292183219,0.001132607541316178,0.0003458198432017827,0.004156643362396114,0.0024513405061595646
2004M02,-0.0025477327720668697,0.0018049397776703337,0.0010098951454141413,0.00023281269844109857,0.004002548061095074,0.0009004925821107556
2004M03,0.004522716889089276,0.00205445114959276,0.0012427434364913497,0.00046631546929948255,0.0042171551154344886,0.0025006764119814714
2004M04,-0.002336767854440059,0.0019459819147248187,0.001151264619391617,0.00038352148210463687,0.004096375184761575,0.0010480750693085176
2004M05,-0.0028568101260019584,0.001198491510199224,0.0004007869976505186,-0.00026538428228998774,0.0033756851242502522,0.00037055384476160976
2004M06,0.004404443999422334,0.0013420958352462187,0.0005134621753400458,0.0004934433244019443,0.0034918547605956975,0.002049060019001248
2004M07,0.004571036019699033,0.0015516721134042222,0.0006759249253896116,0.000664172203746405,0.0036705182791600607,0.0022266647082798663
2004M08,0.004672482371425401,0.001689459252730213,0.0004795482631442996,0.0007789372560502582,0.0037821752816975997,0.002280520485009554
2004M09,0.004648885833756278,0.0016903900163289833,0.000490499567416371,0.0007860835061892902,0.00376546544551353,0.0022762648738408903
2004M10,0.004990871870044353,0.0020888216825312843,0.0008725050941087051,-0.00012622373576469262,0.004123362969277488,0.0023898675760394275
2004M11,0.00531049133803633,0.002461934526553371,0.001231121330231168,0.000234662632274132,0.004458076381936758,0.002739257241806352
2004M12,-0.0027236467944727473,0.002387340188934415,0.00117138526819981,0.00018385401681892007,0.004371400228809207,0.001078066581657921
2005M01,-0.0029992297667555613,0.0019892983798521237,0.0007851824906139324,-0.00016510918700195568,0.00397988063617975,0.0007180045105776579
2005M02,0.005219076092935026,0.002058450723901882,0.0008475646392250716,-8.443807030371884e-05,0.004029076136159543,0.002413945904383561
2005M03,0.0053685448340161,0.0022448378997090685,0.0010022617914245708,0.00010412892609826317,0.004189260626823464,0.002581806815614293
2005M04,-0.0029120340840860346,0.002132366059211783,0.0008088296639029403,1.697047613262773e-05,0.00406760529550369,0.0008227474821330012
2005M05,-0.002996522800669307,0.001984014422983682,0.0009218540238027661,0.0011072519313011732,0.003912192416892163,0.0009857579988620953
2005M06,0.005238561716272129,0.0021666110595023255,0.001074198454183926,0.0012667724556792168,0.004069739409273784,0.0027631766189822765
2005M07,-0.002818399575390303,0.001991785051168212,0.0009419346606450858,-0.00010369722205423246,0.003889647150618494,0.0007802540129974512
2005M08,0.005047931062572673,0.002185161711097534,0.0006770003842864354,9.386622408721098e-05,-0.0036892980588342627,0.000862932264641918
2005M09,0.005281233918274413,0.0024509587896217253,0.0009505479959039831,0.00035939753639031716,0.0040580122819404586,0.0026200301044261793
2005M10,0.005521912536407918,0.002723906753509806,0.0012310118248782076,0.0006316536020988847,0.004306191228457181,0.0028829351890703996
2005M11,0.005612661137517701,0.0028404628846866145,0.0013574100081353247,0.0007568649877682217,0.004405462350073332,0.0029945722736362387
2005M12,0.006098123850061859,0.003366866635148512,0.0018871489940671979,0.0012675085004021352,0.004896351649646821,0.0035031999258653052
2006M01,0.006582973216983859,0.003891993377457406,0.0024155793068104245,0.001777181891213053,0.005386551186968009,0.00401085579588655
2006M02,0.0066522346643578196,0.003984799685888703,0.002518239061453825,0.0018800054333581704,0.005464161971991179,0.0040998881634099395
2006M03,0.00675015456597397,0.004107004468170628,0.002649702563886275,0.0020103780127000604,0.0055700977029510875,0.004217467462736405
2006M04,0.007525980248785657,0.004932618536569048,0.003473858540310921,0.002803558368208433,0.006348873978319054,0.0050169779344386226
2006M05,0.008150577549082461,0.005600521505151449,0.004142679076498505,0.003448503025502994,0.0069774749668054924,0.005663951224608181
2006M06,-0.002631500792397718,0.004502269666462604,0.0030714964682246977,0.0024278258902833655,0.005916723542292754,0.002657362954973141
2006M07,0.007073638776694435,0.0048828130002552175,0.0034569639676838757,0.0028015389220044113,0.006270854634095466,0.004897161860146681
2006M08,0.0071346616988845965,0.004961872348113546,0.0011032020603972256,0.002890729733466814,0.00633670548747867,0.00448543426566817
2006M09,-0.002254055485988171,0.004539708459982403,0.0035452768216506165,0.002506402329500239,0.005922697586596982,0.002852005942348414
2006M10,-0.002379814637555971,0.004347836690354814,0.0007576819410545304,0.0011258832528313711,0.00572920512809633,0.0019161584749562148
2006M11,0.006709039712194558,0.004893110976253371,0.0033620014535299825,0.0016633476698966051,0.006242166815709239,0.004573933325516751
2006M12,0.006703709306793303,0.0049007681098818855,0.003380673763580968,0.0023391393894416383,0.006240203269053429,0.0047128987677502445
2007M01,-0.0018543306453642253,0.004830249303490889,0.0033210127739492614,0.002289064018384788,0.006163408282382806,0.0029498807465687038
2007M02,0.006621486954035191,0.005207452459063835,0.003708919734696262,0.0026681581015201017,-0.0034196223817027902,0.0029572789735225207
2007M03,-0.001472991633360143,0.005013120190494253,0.003525140513481389,0.0024988615624705343,0.006516146282089566,0.00321605538303512
2007M04,0.006418625299266997,0.00524260802250387,0.0037650337977777996,0.002735982492708102,0.00672772556510158,0.00497799503547167
2007M05,-0.0012242392801878174,-0.003338960408049735,0.00126305377569107,0.002573415888998898,0.006537277688398407,0.0011621095329701647
2007M06,-0.0013017912430376003,0.005055860688572074,0.003588547395962178,0.002466605178652535,0.0064033291613204025,0.0032425102362939177
2007M07,0.006223711178691037,0.005073275660224835,0.0011686712588185025,0.0025002527207549623,0.006411128515074711,0.004275407866712809
2007M08,-0.001246273600404725,0.004963863628469279,0.001092281687711512,0.0016925592677246373,0.006297233715790761,0.0025599329398582928
2007M09,0.006105610543140844,0.005346220238856295,0.0036160817696329335,0.0024126636116252845,0.006655881112127808,0.0048272914550766335
2007M10,0.006469525507350556,0.005710348448848879,0.003997048300784478,0.002781654077249518,0.006997318217359186,0.005191178910318523
2007M11,0.006872903053387257,0.0061134066792240295,0.0044172454196549586,0.0031880048559430503,0.007376471162890703,0.005593606234219999
2007M12,-0.0008585931099962448,0.00602567249462792,0.004339786187020858,0.003122397638852438,0.007284014802806845,0.0039826556026623635
2008M01,0.006778851539444148,0.006655207396119989,0.00498908589462427,0.003746366078222341,0.007881476126482772,0.006010197406978704
2008M02,0.0071247962628413625,0.0069951377114456925,0.005344656090830955,0.004091798035484404,0.008200736501160918,0.006351424920352666
2008M03,0.007455838721626972,0.0073205365831400466,0.005685295223214086,0.004423177702435346,0.008506273787824575,0.006678224403648206
2008M04,-0.00022930893882386908,0.006831067604226871,0.005200144029841034,0.003970172303235814,0.008027749038091362,0.0047599648073142434
2008M05,-0.00035616220722501746,0.006652116253953079,0.0014701307673822613,0.0038156594834131592,0.007848033878300667,0.0038859556351648296
2008M06,-0.0003587646418515499,0.006604455499209948,0.001456048940798767,0.0037872729342193993,0.007794756129138462,0.003856753772303005
2008M07,0.006955749152811641,0.0068802774469192704,0.00502951307743547,0.0040702252554178815,0.00805312266386505,0.006197777519289863
2008M08,-5.4114545297469604e-05,0.005957242407006521,0.0017569958497973604,0.002094435795343793,0.007156705703357993,0.00338225304204164
2008M09,-0.0003387216360130599,0.005622298167943051,0.0014541817297116576,0.0017629369537368828,-0.003550436914779431,0.00099005166011982
2008M10,-0.0006994209445209239,-0.0034079877118690124,0.0010736314972789136,0.0013473473329998,-0.003941019580820845,-0.0011254898813864134
2008M11,-0.001045536921497098,-0.0037800609827727018,0.0007082623718289294,0.0009487098998241791,-0.0043145290059616506,-0.0014966309277156683
2008M12,0.0059957819948372616,-0.003330087378301125,0.0010901273252600448,0.001361652464219837,-0.0038548634066783677,0.00025252219986753006
2009M01,0.0063428528115638035,-0.0029166588727892106,0.004094521051872303,0.0017390117092510587,-0.0034323635384859207,0.0011654726322824068
2009M02,0.006993973664862767,-0.002196052799812942,0.004755946491664117,0.0031980942547184263,-0.002698711353431985,0.0020106500516000768
2009M03,-0.0006623326812044275,-0.002302702435125151,0.004606783712854849,0.0030665091561893417,-0.0028034447021018367,0.00038096261012255495
2009M04,-0.0008704609836820151,-0.002521802705691825,0.004347860605751361,0.002830902811258122,-0.0030221335139458704,0.00015287324273795445
2009M05,0.006829409660556668,-0.002169198083254692,0.001439570033866904,0.003126118445753962,0.006826671780282574,0.0032105143674410835
2009M06,0.006946641183608909,-0.0019942831772293062,0.004650291321993846,0.003257019688676304,0.006936857656646565,0.003959305334739263
2009M07,-0.0005605055757536703,-0.0021553884346680757,0.004449422769056047,0.003076281059778107,0.006731919535378531,0.0023083458707581876
2009M08,0.006728587363362251,0.005208561890913248,0.004592996960157254,0.003219487014398537,0.006855070569961092,0.005320940759758476
2009M09,0.007087492697141938,0.005570220699668761,0.004958479153575855,0.003571628202036859,0.007189866780201264,0.005675537506524936
2009M10,0.00733331429060135,0.00582085591792506,0.005212890554215449,0.0038193113291017005,0.00741918007006591,0.005921110432381894
2009M11,0.007714053176822584,0.006203866225704664,0.005599630710852149,0.0041917519346328916,0.007774924842088902,0.006296845378020238
2009M12,0.0076930004703094,0.006192407086695469,0.005591855934738417,0.004192515242067184,0.007754864624566288,0.006284928671675352
2010M01,-0.00039782069830597886,0.006107107065127658,0.005510195617121853,0.004123517460843967,0.007664477566204662,0.004601495402198432
2010M02,-0.0006074672671900986,0.005849433666450624,0.0015813542088539572,0.003891754991661576,0.007409700815161772,0.0036249552829875666
2010M03,0.007596857896591469,0.005980135125334756,0.0017366829177304303,0.0040261325188278895,0.00752551153793285,0.005373063999283478
2010M04,0.0077756618447681995,0.006163240877263711,0.005256118070541239,0.004209928973494022,0.007691513753338906,0.006219292703881216
2010M05,0.007970026687582711,0.0063613962334121464,0.0054620784178215235,0.004407926555018345,0.007872078625163818,0.006414701303799708
2010M06,0.008021916184171219,0.006421222100419635,0.0055279695797671394,0.004475281372072058,0.00792072870943079,0.006473423589172168
2010M07,-0.00044491528691831505,0.006199805802586965,0.0053092184885911945,0.004276849072618792,0.0077008309801659975,0.004608357811408927
2010M08,0.007784187985296887,0.006276973518975559,0.005392532809372573,0.004360342500908942,0.007766229991506328,0.006316053361212058
2010M09,0.008073814201607972,0.0065652671177632614,0.005689370431009278,0.00464335574467036,0.008033553395471758,0.006601072178104526
2010M10,0.008436668303018854,0.006924278819607369,0.00605764911012339,0.004993301111485399,0.008368716856148485,0.0069561228400766995
2010M11,0.00863466434617478,0.007124128652617431,0.00626481876611325,0.005192785968160452,0.008551936980411989,0.00715366694269558
2010M12,0.008782639600530755,0.007275641885197387,0.006423012092668294,0.005346536890840725,0.008689102853272207,0.007303386664501874
2011M01,-0.0003311006108706329,0.0071136231778706465,0.006264013913215129,0.0052034983549985965,0.008526450030759193,0.005355296973194587
2011M02,0.008606123174143812,0.007221624817838185,0.0063780701699133,0.005315915465302287,0.008622210595605069,0.007228788844560531
2011M03,0.00891790633292607,0.007528949966815031,0.006693633764912051,0.005617063142653561,0.00890889838110821,0.007533290317682985
2011M04,0.009309939221728389,0.007913453556420098,0.007087150407220007,0.005991392263459206,0.009269699964696603,0.00791432708270486
2011M05,-0.00017957211255834323,0.007746322783060124,0.006922768469628071,0.00584307494050007,0.009102467602863644,0.005887012336698713
2011M06,-0.00019612378568233905,0.007686676953177884,0.006867035210043995,0.005796448413437546,0.009038195572030103,0.005838446472601438
2011M07,0.009128059016880895,0.007833789093327954,0.007020301306124633,0.0059457320931639805,0.009172069933436442,0.007819990288586782
2011M08,0.009630979595318384,0.008319144371317703,0.007515459871714277,0.00641580131043345,0.009630231862134382,0.00830232340218364
2011M09,-5.938846355886453e-07,0.008227209850032492,0.007426912320139641,0.006338342113628943,0.009535314898773871,0.006305437059587872
2011M10,-0.0004983116947979602,0.007703987851356518,0.0019438143883320179,0.005851452195173185,0.009026926255462146,0.004805573799105181
2011M11,0.009526890267694732,0.007880465138566491,0.0021718227775748902,0.006028374978749055,0.009189379149329628,0.006959386462382961
2011M12,-0.00026940307116229273,0.007489721458287491,0.0017756171078002864,0.005666719818483247,0.008807906057986705,0.004694112274279088
2012M01,0.00910256124497396,0.007501044610590011,0.0018212809457983235,0.0024200276346429636,-0.002661649544756251,0.003636652978249802
2012M02,0.009423189348159909,0.007809851552703079,0.006902352568923126,0.0028313459312715407,0.008812078094461209,0.007155763499103772
2012M03,-0.00021471135671685982,0.007568506723546712,0.006658085739814547,0.0025677667213520835,0.008574203908043917,0.00503077034720808
2012M04,-0.0003391481585282973,-0.0019681942461875867,0.006499374476232757,0.00240579235187597,-0.0022146624463352904,0.0008766323954115102
2012M05,-0.0006097164640973387,-0.002269357477832088,0.0021932640825976,0.0020750395643472433,-0.0025220075149244956,-0.00022655556198181585
2012M06,-0.00061174730237967,-0.002261320185520921,0.002175007445869757,0.0020558041538290424,-0.0025121445866752834,-0.000230880094975415
2012M07,-0.0006432313643264665,-0.0022872517294775523,0.002125799981821718,0.002002728510601753,-0.002537139199260394,-0.00026781876012818833
2012M08,0.009156651917074293,-0.00210308676585282,0.006198024088244013,0.002161391515987632,-0.0023467302652288163,0.0026132500980448605
2012M09,0.009588954244286137,-0.0015566195414291493,0.00662766795381295,0.00568663478041782,0.008416231982443696,0.005752573883906291
2012M10,-0.0004916684409820827,0.007410013410994917,0.0065832117243865285,0.005649328809476823,0.008365278025492568,0.00550323270587375
2012M11,-0.0005666021421200057,-0.001557948443053246,0.006472224975554102,0.005549062145978072,-0.0017849830886223187,0.0016223506895473208
2012M12,-0.0006827079988566406,0.007296467898224097,0.0022702413022530066,0.005410727664024666,-0.00191379258937222,0.0024761872552545817
2013M01,-0.0007348120469242295,0.007204576965327948,0.0021979214469655334,0.005332200074134742,0.008251499176839509,0.004450277123268701
2013M02,-0.0008626613541407946,-0.0016842305931475104,0.002044977054465319,0.00518338448348667,0.008086758188745886,0.002553645555881914
2013M03,-0.00100817453583037,-0.0018467091983505365,0.0018734650091507135,0.0026849080548716907,0.007905760960935058,0.001921850058155311
2013M04,-0.0014190572658856404,-0.0023140801534888263,0.0014191809885085247,0.0021782665409985965,-0.0019673117228769382,-0.0004206003225488567
2013M05,-0.0017150902431453659,-0.0026488381399383493,0.001087840641185211,0.0018079513677180456,-0.0023166086991370173,-0.0007569490146634953
2013M06,-0.0020025053743151036,-0.002973245166862244,0.0007660743426618043,0.0014486690825192931,-0.0026549953064433853,-0.001083200484487927
2013M07,-0.0022374568508359595,-0.003237038097032948,0.0005005873610304181,0.0011518816585530292,-0.0029303797454033826,-0.0013504811347377684
2013M08,0.009526172400904545,-0.0028629592490762735,0.0008279235433267647,0.001508639522295577,-0.0025445565657127044,0.001291043930347582
2013M09,0.009491361387496663,-0.0028277643234382232,0.006321090273019225,0.0015186510010954213,-0.0025100076227826907,0.002398666143078079
2013M10,-0.0019161920459665946,-0.0029569119684913956,0.006157072579317888,0.001360728173173916,-0.0026456980377219455,-2.0025993762622443e-07
2013M11,-0.002083080564497348,-0.0031398793146295216,0.0008406945942313195,0.0011480578298227468,-0.0028370523958100562,-0.0012142519701765719
2013M12,-0.002302577827920137,-0.0033821859398156847,0.0005913169957558411,0.0008750075575886462,-0.0030897534983331284,-0.0014616385425448926
2014M01,0.009301953363971336,-0.003262044973461715,0.00068314216764208,0.0009731913749194355,-0.0029670924534106816,0.0009458298959320911
2014M02,0.009484113062540359,-0.003001698177562658,0.005944894844728021,0.0012150766149526832,-0.002699335550755228,0.0021886101587806355
2014M03,0.00954911603303434,-0.0028639939035093424,0.006025125606373376,0.001331712166613448,-0.002558585561483822,0.0022966748682056
2014M04,-0.0022017476672849426,-0.003025445229108312,0.005831336340772877,0.0011425950617429527,0.007475352040996947,0.0018444181094239044
2014M05,-0.0022358783405824717,-0.003058792101873207,0.0009072708683496857,0.0010848082583990108,-0.002727401721161512,-0.001205998607373699
2014M06,-0.0022297229325351836,-0.0030474100533715814,0.0008971866768606524,0.005018315880850884,-0.002717466316574824,-0.0004158193489540105
2014M07,0.009327003682395845,0.007039291030028454,0.005755524000632246,0.0051357146786341346,-0.002535066690627522,0.004944493340212632
2014M08,-0.0020741180258186625,-0.002870212919978323,0.005620252961776487,0.001073037356808738,0.0073948484587150545,0.0018287615663006586
2014M09,-0.002316299265942116,-0.0031345118098739543,0.0010461618428992884,0.0007791612493498205,-0.0026393723949645997,-0.001252972075706312
2014M10,-0.0024170748727237834,-0.0032417944796539946,0.0009209226549814824,0.0006470177616472953,-0.002753695280017921,-0.0013689248431533844
2014M11,-0.0026240327478131657,-0.0034666682352561223,0.0006825666033094583,0.0003942930003823226,-0.002990154515894482,-0.001600799179054398
2014M12,0.009165400076319122,-0.003336565675787612,0.0007864517909912109,0.0005066582756613643,-0.0028576262346554837,0.0008528636465057202
2015M01,0.00934489927257107,-0.003089251158956218,0.005333095574237823,0.0007396505322329124,-0.002603354705731373,0.001945007902870843
2015M02,-0.002510651968329182,-0.003183276082385508,0.005201944657966958,0.000622133661763529,-0.002703700462957521,-0.000514710038788345
2015M03,-0.002688644905624299,-0.003374661870248123,0.0010035899207885908,0.0004048655984473211,-0.002905082273536975,-0.001511986706034697
2015M04,0.00918558267978675,-0.0032772228801170684,0.0010760779019878901,0.00048450819658896324,-0.0028064821176452415,0.0009324927561202588
2015M05,0.009160791167323538,-0.003236634303196153,0.0010934203377521228,0.005009972720505705,-0.0027669077837896784,0.001852128427719107
2015M06,-0.0026029362942768196,-0.0033261148540423406,0.0009842308940799574,0.0005059635036598737,-0.002862313147475496,-0.0014602339796109648
2015M07,-0.0028294946123450415,-0.003567708169671841,0.0007269689967839121,0.00023612613320962136,-0.0031154922422231314,-0.0017099199788492962
2015M08,-0.0028604406317927576,-0.0035974012136238726,0.0006764407169188404,0.00018525227773316005,-0.0031487150574859213,-0.00174897278165011
2015M09,0.009005934145161314,-0.003566310382342866,0.0006853850677651191,0.00019731607989422704,-0.0031188532173600735,0.0006406943386235441
2015M10,0.009147418674531445,-0.0033635691876154486,0.004979158984735032,0.0003866510678117764,-0.0029109705877220335,0.0016477377903481544
2015M11,-0.0028352001032715957,-0.003700213731949806,0.0008619302355087217,1.9796641166261886e-05,-0.0032623999236891937,-0.0017832173764471223
2015M12,-0.0028801302600145705,-0.003743952012762083,0.0007964731881409434,-4.4683514948066236e-05,-0.0033100333970352315,-0.0018364651993238016
2016M01,0.008738973269888888,-0.0036426711191465937,0.0008733917725181847,4.057881319530907e-05,-0.003207319963630253,0.0005605905545651069
2016M02,0.009135592705077042,-0.0031960420450688996,0.00460770772400758,0.0048877281398029574,-0.002746747613060188,0.0025376477821516985
2016M03,0.009267661458797304,0.006896780001028542,0.004757615109930944,0.0050312748935863365,0.007110228273134498,0.006612711947295525
2016M04,0.009258225145320825,0.006899426518878191,0.004770721163662366,0.005042640937033107,0.007111715788807324,0.006616545910740362
2016M05,0.009306448612027871,0.0069593195570990495,0.0048392874721081705,0.005107643814519235,0.007167708732546744,0.006676081637660214
2016M06,0.009320554362592014,0.0069851490428609955,0.004874702592847781,0.005140623736260797,0.007191305280351443,0.006702467002982606
2016M07,0.009596084902180587,0.007270978956350276,0.0051624522489053986,0.005417668374779364,0.0074625425492103195,0.006981945406285189
2016M08,-0.0027895618277294296,0.007230672146019662,0.005133499871277334,0.005388470438821961,0.007423238129924479,0.004477263751662802
2016M09,-0.002831166840593593,0.00713699042955095,0.005052603071027632,0.005309021578266232,0.0073330670322330335,0.004400103054096851
2016M10,-0.003073603798526189,0.0068311179998679274,0.0012891258505763855,0.005030020956162672,0.007040634263085916,0.0034234590542333424
2016M11,-0.003155414915535691,0.006695941906375548,0.001181643260707343,0.000482035333211778,0.0069107957615173994,0.0024230002692552754
2016M12,-0.0034421111894932053,0.006344408012372179,0.0008585842819450898,0.00014434024758342746,-0.0025527489156705672,0.0002704944873473847
2017M01,0.009543951028069157,0.0064587090715599975,0.000998834726018119,0.0002961059922644346,-0.0023863736586411718,0.002982245431854107
2017M02,0.009690262222737058,0.006615683912549164,0.004765484813290164,0.0004923313484271432,-0.0021754610320342343,0.003877660252993859
2017M03,-0.003289209641811761,0.006556549991853089,0.004715724544692445,0.00046113688913089284,-0.002193271745537778,0.0012501860076653778
2017M04,0.00961415116424712,0.006653318435849856,0.004820300043471982,0.004911242956030241,-0.0020469362579988255,0.0047904152683200755
2017M05,-0.0031519020416793933,-0.0030065642255385806,0.0011813042761637926,0.0005933982856034694,-0.0021696745540772514,-0.0013106876519055927
2017M06,0.00943638757635622,-0.0029367932163285276,0.0046726955282782225,0.004767283781105295,-0.002103390283132403,0.002767236677255761
2017M07,-0.0030871789431495314,-0.0030365853153134456,0.00122870080898067,0.004639603995299952,-0.0022083216215758542,-0.000492756215151642
2017M08,0.009276431807304147,-0.0028308528942451255,0.004541863205092566,0.004795482288878697,0.006574612960932127,0.0044715074735924825
2017M09,0.009347767190123623,-0.0027004575860522387,0.004632322654065485,0.004881928908771987,0.006654823943915297,0.004563277022164832
2017M10,-0.002897043162489922,0.0064955795043572075,0.004483682832384998,0.0006458671923499195,0.006498233792066663,0.0030452640317337734
2017M11,0.009169742888194683,0.0064749365225896995,0.0014082442745694474,0.004736851575816989,0.00647824148270588,0.0056536033487753394
2017M12,-0.0028743541826975623,0.0063519884357887725,0.0013087262548832957,0.0006533002428925251,0.006359208152286169,0.00235977378063064
2018M01,0.00903080665260337,0.006571914220908417,0.004472832033861984,0.004627762295749603,0.006572103481895212,0.0062550837370037166
2018M02,-0.0026229168066932017,0.0065159210064875085,0.004427286108981673,0.004582948028066947,0.0065178829518179986,0.003884224257732185
2018M03,-0.002635517448400534,0.006460286673670667,0.004381998280274717,0.0009134135123152047,0.006463994017129025,0.0031168350069978156
2018M04,0.008961376651075624,0.006464158665574974,0.0015534783983332488,0.0045383773232793865,0.0064677278418279974,0.005597023776018247
2018M05,-0.0025913745400742995,0.0063352685736965874,0.0014452226721812776,0.004423141179052321,0.006342849631498252,0.0031910215032708274
2018M06,-0.002641418908343685,0.006242439810656907,0.0013735094738582148,0.004342416320250529,-0.0020046525611590264,0.0014624588270525877
2018M07,-0.002796266881864368,-0.002819995359941493,0.0011913447372470611,0.0009448579626240037,-0.002180944464293906,-0.0011322008012457404
2018M08,-0.0029262005133348415,-0.00296299603384097,0.0010357314057915983,0.0007812991742918601,-0.0023291806917097855,-0.0012802693317604276
2018M09,-0.0029555039952653996,-0.0029950811388486246,0.0009865497040348005,0.0007304796764883214,-0.0023648271169962464,-0.00131967657411743
2018M10,0.008815604555749732,-0.002905961564837018,0.0010537256679134322,0.0008028118616974873,-0.0022774691706536577,0.0010977422699739953
2018M11,0.008780723938025824,-0.00288502520103432,0.0043953071325337455,0.0008061348712242126,-0.0022592655764295862,0.0017675750328639752
2018M12,0.008848783735478023,-0.0027616774929704628,0.004480516378296959,0.0009135156708839041,-0.002137147274617709,0.0018687982034141428
2019M01,0.00897587611255823,-0.0025798187893409648,0.004622198963356616,0.004157616648242685,-0.0019556663418373275,0.002644041318595848
2019M02,0.00902829832590885,-0.002473144487249042,0.004692107110171402,0.004227416608539607,0.00625287518082957,0.004345510547640078
2019M03,-0.0028746935003747835,-0.002539277685726057,0.004596511791465121,0.00413675110606191,-0.0018504402756560105,0.00029377028715403606
2019M04,-0.0029102219031583876,-0.0025790101362268007,0.0010557208695838234,0.004070870129224473,0.006151642773120905,0.0011578003465088026
2019M05,-0.002925095431723092,-0.0025965187954580184,0.0010220090450394962,0.004025905686727088,0.006096521525088797,0.0011245644059348543
2019M06,0.008908420067557259,0.006041369725231336,0.004526519531041676,0.004227903023741191,0.00629386697985161,0.005999615865484614
2019M07,0.009054605442291419,0.006197264752095757,0.0046856828915054875,0.00438222085541494,0.006442532519832185,0.006152461292227958
2019M08,0.00930533464615038,0.006455250492927104,0.004944649398515762,0.004632560824012443,0.006689356784858239,0.0064054304292927855
2019M09,0.00933110597631769,0.006493279604636706,0.004988495494964855,0.004676057232777053,0.006724890795713655,0.0064427658208819905
2019M10,-0.002693265471883024,0.006402004282284332,0.004905821754724031,0.004597841306563039,0.006636158002284103,0.003969711974794496
2019M11,-0.002756579594552255,0.006295259753450548,0.0012485668557452527,0.004504956384365369,0.006532531701087679,0.0031649470200193187
2019M12,0.009224719631105497,0.0062891775003259855,0.0012651352609014588,0.004506721222926272,0.006525669398093385,0.00556228460267052
2020M01,0.009424559371824202,0.006495816639034744,0.004807941440613956,0.004708733313032849,0.006723388348946193,0.006432087822690389
2020M02,0.009464686916991346,0.006547608721279489,0.00486639656177909,0.004764932010109871,0.006772241022504028,0.006483173046532764
2020M03,-0.002723884563084273,0.0063872335668886,0.0047153821763175055,0.00462120118990344,0.00661700824823251,0.003923388123651557
2020M04,0.00928603255772964,0.006576772786270018,0.0049096767135111095,0.004807088077209318,0.006798414578303948,0.006475596942604807
2020M05,0.009362862624053104,0.006662709892771177,0.005001662252429689,0.004895347172309034,0.00688018818794091,0.006560554025900782
2020M06,0.009407912283699055,0.006717888363906816,0.005063231801458194,0.004954586313340836,0.00693239130684574,0.006615202013850128
2020M07,0.009704265123457895,0.007015617070914443,0.00536420080821658,0.005242539004708075,0.00721811146071642,0.006908946693602683
2020M08,0.010085826739921776,0.007395617121373317,0.005746367876096306,0.005608179044477801,0.00758314252421689,0.007283826661217218
2020M09,-0.0025013608369473363,0.007244002480660039,0.005603631265625282,0.005472330706372911,0.007436371531090343,0.004650995029360247
2020M10,-0.0025730637474570108,0.007130219701475359,0.005498175039182567,0.005372060500211818,0.007325997259947592,0.004550677750672065
2020M11,-0.0026271934774403753,0.007034515637132253,0.0014970836357337547,0.005288748500276977,0.007233009763035579,0.003685232811747637
2020M12,0.009916941626888777,0.0070216705418629745,0.0015082137447631335,0.005283575112061985,0.007219827723585481,0.00619004574983247
2021M01,0.009919905291587325,0.007036662235020943,0.001548575877068455,0.0053046311374643565,0.007233470904921012,0.006208649089212419
2021M02,-0.002599505521223828,0.006944114010438295,0.0014749876500007478,0.0010804001302408338,0.0071434877019163606,0.0028086967942744815
2021M03,-0.0028074017172105186,0.00669645273306968,0.0012372361953398294,0.0008252811174395596,0.0069039773394266295,0.002571109133613036
2021M04,0.009810246218202156,0.006751921438112334,0.0013198115218881197,0.0009164618261168417,-0.0018941905802424164,0.003380850084815407
2021M05,0.009996323790356233,0.006940640813332902,0.0054105009198408115,0.005224050131228402,-0.0016379820858002892,0.005186706713791612
2021M06,-0.0027124979314612956,0.006865021754012422,0.005340312205168386,0.005158464144091513,-0.0016839764919774878,0.002593464735966707
2021M07,-0.002788541438152247,0.00675034942489487,0.005230539015310131,0.0011594125261893465,-0.0017747757913171756,0.0017153967473849847
2021M08,-0.0028708252446120993,-0.0023491095604051635,0.0015429652280872378,0.00104700445607627,-0.0018724908174407955,-0.0009004911876589101
2021M09,-0.0029029227781357074,-0.0023874284313407925,0.001489723538293935,0.005055430847249312,-0.0019133710609913995,-0.00013171357698493055
2021M10,0.009903145032130595,-0.0023627586908155094,0.0014963275261960984,0.0009920996528966042,-0.0018906585457624425,0.0016276309949290694
2021M11,0.009972960080684438,-0.002233698782002408,0.005114778497032425,0.0011085569626415894,-0.0017625801980843093,0.002440003312054347
2021M12,-0.00287876699233232,-0.0023451033853752307,0.004983219259894854,0.0009791001427803,0.006956619072662325,0.0015390136195259853
2022M01,0.009814222683235816,-0.0022589763651766136,0.005031546619890029,0.0010518927462638895,0.006995736507029058,0.004126884438248437
2022M02,0.009864621139778259,-0.0021521779821147263,0.005098997707390987,0.00504746137028229,-0.0018771534215058369,0.003196349762766194
2022M03,0.010041201498731545,0.006629803074556932,0.005286336843274971,0.005226982630066604,0.007053519548896518,0.0068475687191053135
2022M04,-0.0027988732439947154,0.006559737449275967,0.005221994019032714,0.005165613159622299,0.006983717729554775,0.004226437822698208
2022M05,-0.0030155078958223683,-0.0019140681467711403,0.0016020779301696908,0.001145953160536181,0.0067345391863461905,0.0009105988468917109
2022M06,-0.0030348569639522265,-0.0019402904074167276,0.0015616652489585333,0.004928264721764986,0.006677485790352561,0.0016384536779414254
2022M07,-0.0032950014750789264,-0.002231753017271074,0.0012652015503112782,0.001105039781757346,-0.0016359644280678563,-0.0009584955176698466
2022M08,0.009953339616845195,-0.0021308232863571216,0.0013478147177575892,0.0011940136732047858,-0.0015349903994331816,0.0017658708644034532
2022M09,-0.0031991042855778256,-0.0023286062716311143,0.0011419962489161327,0.0009749215573584949,-0.0017408028027187357,-0.0010303191107306098
2022M10,-0.0032026740334169697,-0.0023363202660484535,0.001119898750004239,0.0009520835728965122,-0.001751360238550499,-0.0010436744430230341
2022M11,0.009711057059448283,-0.0021402455616927308,0.0012948607793561934,0.001139566883043919,-0.0015526449618794385,0.0016905188396552453
2022M12,0.00988358742597363,0.006305213685329815,0.0049738906873211895,0.0013603757537712124,-0.001320852077933488,0.004240443094892472
