,mva1_12.csv,mva1_3.csv,mva1_6.csv,mva1_9.csv,mva3_12.csv,mva3_6.csv,mva3_9.csv,mva6_12.csv,mva6_9.csv,mva9_12.csv,average
1991M01,-0.007650808555781364,0.0019105260406174444,-0.0024852602635332503,-0.0058895484646316635,-0.008131587087365345,-0.004290559091222576,-0.006861538723553828,-0.007688542358345162,0.003951920282851965,-0.008874237218947562,-0.004600963543991135
1991M02,-0.008524997352442594,-0.0009731310193327932,-0.0033724753603410706,-0.006763959373324407,-0.008997190553105435,-0.005241737674451445,-0.007704654697202249,-0.008546732512914733,-0.008016545993038391,-0.009774824840643088,-0.00679162493767962
1991M03,-0.008255175213738123,-0.000840453128264231,-0.0032075182649531123,-0.006533131849137346,-0.008719084323161265,-0.005025726920377095,-0.007461996043020337,-0.008281187735903917,-0.007730557328677804,0.00037982509946701826,-0.005567500570776622
1991M04,-0.008295401678155512,-0.0010029174119589412,-0.0033246736916990433,-0.006600718154150841,-0.008751312354657566,-0.005123316099843237,-0.0075132470939535505,-0.008320291505633452,-0.007784477193230051,0.0001305492983439925,-0.0056585805884938195
1991M05,-0.008179129150670289,-0.0010100060208862963,-0.003295152580211985,-0.0065160395377963564,-0.008627312527570615,-0.005059730004268818,-0.007415216053027329,-0.00820554202314836,-0.007666900255513335,-0.0094668676296365,-0.006544189578272988
1991M06,-0.007492325768114738,0.000665506738289194,0.0024777950301973317,0.002746357808124134,-0.007933039422066723,-0.0044141570583886205,-0.006773243198175104,-0.007529564714528498,-0.00692697345445558,-0.008694214149049242,-0.004387385818816785
1991M07,-0.007356804316869028,0.0006677770720305172,0.002437239976094369,0.0026994084021657715,-0.007790293156821801,0.003918386624513075,-0.006655309980111852,-0.00739562846497364,-0.006789447450664006,-0.008525130275711338,-0.003478980157034793
1991M08,-0.007909466095334366,-0.00046098860437742995,-0.002736318328167757,-0.005878215129079269,-0.008335963179804031,0.0029696320160499017,-0.007193256512444273,-0.007938901577937859,-0.0074005419617351464,-0.009105774210904466,-0.00539897935837347
1991M09,-0.008019991495760145,-0.0006897438062469704,-0.0029202008735312508,-0.0060209826083344915,-0.008439718785238227,-0.004327679728117591,-0.007309609691379336,-0.008047240089566306,-0.007529369967949335,-0.0092052016610985,-0.006250973870722215
1991M10,-0.007471410380724327,-0.00019527622702559698,-0.002472299369948221,-0.005503636007164698,-0.007884579431304314,-0.0038126489150905525,-0.00679619462335081,-0.007506679474857103,0.002690309835942325,-0.008590042313172556,-0.004754245690669586
1991M11,-0.007323427775575262,-0.00014842152340578847,-0.0024043617475377373,-0.005385926853916561,-0.007730240379223248,-0.0037165181430090176,-0.00666467030603735,-0.007360404650177978,0.002679231246514209,-0.008411083958720266,-0.0046465824091089
1991M12,-0.007238277389420943,-0.00025569781135980187,0.0014126103352149837,-0.005330132542332822,-0.00763892616574093,0.0026055055193517796,-0.006592769320288832,-0.007275973271658758,-0.006942614547025926,-0.008301123603485349,-0.00455573987967466
1992M01,-0.007311051411300266,-0.0004381353351132707,-0.002394204364086313,-0.005431386338049281,-0.007705720355137868,0.002311112671858035,-0.006671645999360928,-0.007347122736124591,-0.007028806585497758,-0.008362623817224865,-0.0050379584270037105
1992M02,-0.007180804679764355,-0.0004080768249881968,-0.0023379196398402025,-0.005328781739943532,-0.0075696696685455195,0.0022961050965890815,-0.006555908360874974,-0.0072182408655555134,-0.006888240472077442,9.57521460134992e-05,-0.004109578500898716
1992M03,-0.00742944910580853,-0.00076522896307513,-0.0026477696459947424,-0.005604267078159026,-0.007812678370114604,-0.003684565510411889,-0.00680287171804078,-0.007462798425716326,-0.007169676433444133,-0.008205348418012699,-0.005758465366877787
1992M04,-0.007562290522673678,-0.0009999807178294497,-0.002843333238222164,-0.005763182523990594,-0.00794004508320395,-0.003888374616286222,-0.00693883715048363,-0.0075932991279790436,-0.007321401383490562,-0.008338520290955767,-0.005918926465511507
1992M05,-0.007480118680847508,-0.0010105330226872226,-0.0028280559302056364,-0.005706350231441648,-0.007852552754609752,-0.0038551394645435946,-0.006868421645112439,-0.007511837886660105,-0.007234005889264389,-0.008236821359602837,-0.0058583836864975125
1992M06,-0.007247915334807769,-0.00017891330313097187,-0.00266499406312159,-0.0054987825583103275,-0.007615176713101092,-0.0036567506509290813,-0.006653662393390757,-0.00728238089870567,-0.0069805823796754984,-0.007972043426366222,-0.005575120172153898
1992M07,-0.000608334638505412,0.0003272854366387465,0.0011051842627024838,0.0016686818211451813,-0.007152730166827185,-0.00321197196711083,-0.006222121820255428,-0.006830680870819189,-0.006478703538091106,-0.007462857387690699,-0.003486624886881344
1992M08,-0.0067904997663187,-0.0008641179475914962,-0.0022808818600813813,-0.00506532771278698,-0.0074677064442955935,0.0017839248047929108,-0.006536912117388344,-0.007145751455201459,-0.0068366478837836265,-0.0078010649952171465,-0.004900498537787182
1992M09,-0.006637858735551371,-0.0007884974622667745,-0.0021915947762584194,-0.0049359998178781835,-0.007308071204898805,0.0018352646482961222,-0.0063953499554927976,-0.0069924529293374435,-0.006669859877985866,-0.007622717147308736,-0.004770713725868228
1992M10,-0.00659683331753452,-0.0008270037806281757,-0.0022093786412977555,-0.004917665852096978,-0.0072587670098907655,-0.003612692595528165,-0.006359471505224386,-0.0069478879871939445,-0.006624803247642414,-0.007564691936408435,-0.005291919587344554
1992M11,-0.006805986991463636,-0.0011237915717996674,-0.0024694188194368553,-0.0051489138347818484,-0.007456607860881104,-0.0038863131743777164,-0.006561134518110918,-0.007147178045513848,0.0025915765757961295,-0.007774942930770947,-0.00457827111713404
1992M12,-0.00673987669473197,-0.001131787552493257,-0.0024598754691037973,-0.005104323968656436,-0.007383003838858592,-0.0038553014739312573,-0.0065013117974320805,-0.007078422553078556,-0.006851484808906764,-0.00769078391983143,-0.005479617207702415
1993M01,-0.006863276987692339,-0.001334898379068565,-0.002633690770060513,-0.005248692886310084,-0.007496701252868503,-0.004031495812969425,-0.006621601891922429,-0.007194506015485585,-0.006985479382663584,-0.007809610161280873,-0.00562199535403219
1993M02,-0.006780180351402467,-0.001321263436196503,-0.002604863016365843,-0.005186034023455434,-0.00740672552121755,-0.003979650631133625,-0.006545421660944962,-0.007109371900736285,-0.006892606651248711,-0.007708110601274276,-0.005553422779397566
1993M03,-0.00668372935715789,-0.00025362513196744646,-0.002561682989481334,-0.005109509858310189,-0.007303730154435059,-0.00391231433223914,-0.006456358317503189,-0.007011258838676524,-0.006785366845229357,-0.007592857137415091,-0.005367043296241522
1993M04,-0.0013364478107245293,0.00053708482755926,0.00040371406354263893,0.000938462354767123,-0.006697041827155669,0.0017353347032482815,-0.005881051599856392,-0.006415403760108436,-0.006120095500260381,-0.006934468060837599,-0.0029769912609825698
1993M05,0.0005366779791248586,0.0019334075645663696,0.0020761297439645505,0.002636159532726742,5.27358424225622e-05,0.0031098710788792206,0.004371641340380155,-0.005418377103881547,-0.005007363088750899,-0.005840061522866327,-0.00015491786334343127
1993M06,0.0006976452465744564,0.0020320658309037117,0.0021906433766346206,0.002740988031568718,0.00023335863844781146,0.0031875210681752628,0.004446924977918632,-0.0003735765138682531,0.0025071242087584492,-0.005669570086939091,0.001199312477817432
1993M07,0.002174933072858953,0.0031490174760298376,0.0035137197563524947,0.004080505511813909,0.0017920479471298266,0.0042842015687878515,0.005905291278518013,0.0012782206390557632,0.003722339312495649,-0.0004354005110044565,0.0029464876052037845
1993M08,0.001352358857115669,-0.0012919496358801369,0.0027309722789659323,0.0032696427587430134,0.0009401187707875347,0.0036096307376779053,0.0049577052805155125,0.00039726631528394334,0.002994730898380843,-0.0011674325562083861,0.001779304370538183
1993M09,-0.00031811638974088736,-0.002243200313603284,-0.00201943725849391,0.0016623132637016112,-0.0007969180762368595,0.002268967462492078,0.0031293596491791306,-0.001409561513610577,0.0015413191688129447,-0.0027158090133349968,-9.010830208347501e-05
1993M10,0.00022290830169983608,-0.0018969567133301731,-0.0016964672422264465,0.0021312678805870235,-0.0002212078054766413,-0.0032858680212294864,0.0036178193038189843,-0.0007928264991551434,0.001969841440434025,-0.0021479344598389185,-0.000209942381471694
1993M11,0.0008094809046795704,0.0024940187844501986,0.0011665627834209003,0.002645917397530945,0.0004005226521364789,-0.0028636778710167377,0.004156092650360461,-0.00012984423224873115,0.0024414227226535433,-0.0015374079057476047,0.0009583087886219024
1993M12,0.0015117955350537468,0.003048745547307206,0.0018343340581187973,0.003272397789751769,0.0011414242508785456,-0.002362538717542653,0.004817088504459468,0.0006557722572015342,0.0030165363203791627,-0.0008166175979287529,0.0016118937947678825
1994M01,0.0017485008318921655,0.00322038412780168,0.002055732641173735,0.003462485763095619,0.001395708336838903,0.0026496520732500854,0.004994796251803551,0.0009316698250227086,-0.004843341594432367,-0.0005442391753344442,0.0015071349081111636
1994M02,0.0015789104024592727,-0.001518514838854458,0.0018867450239971354,0.003270576562497818,0.0012263956958996122,0.0024930903823904807,0.00475203283708949,0.0007650255506778513,-0.00487005937981878,-0.0006641707205014419,0.0008920031515836981
1994M03,0.0017590533789446656,0.003054466173752704,0.002054515397250909,0.003410135991901502,0.0014207946855756288,0.0026294332017019386,0.004875919083941704,0.0009771363762824817,0.0031946488041135843,-0.0004491611667940083,0.00229269419266711
1994M04,0.0014003836716901487,-0.0013646276781315587,-0.0013426453541446443,0.003041197115161375,0.0010546920230046367,0.0023138796412694356,0.004442068884147835,0.0006051449991023349,0.0028481218564922455,-0.0007546389838622054,0.0012243576174729603
1994M05,0.0015770725652291592,0.002726967669247896,0.001703516188109152,0.003179800392488316,0.0012448245595391028,0.002448687520668296,0.004567059557968015,0.0008118737775762164,0.002983012890930654,-0.004766179204786797,0.0016476635916970006
1994M06,0.0016948805638078886,0.00281156361873696,0.0018169625505904067,0.003263881635498159,0.0013733469732658942,-0.002158517950081369,0.004632898292479169,0.0009539255169778351,0.003066185015457355,-0.0005457778605290169,0.0016909348356203284
1994M07,0.0016137925493826446,0.0027231634333816086,0.0017351553436676568,0.003160323501947237,0.0012952100247979074,0.0025349617509204682,0.00449439928254426,0.0008808490984973895,0.002970826414498272,-0.0005861334812917668,0.002082254791834568
1994M08,0.0013491229667603535,-0.001214551926900722,-0.0011998054788313667,-0.00452242069114,0.0010267085032545182,0.002292426365905179,0.004167730683587306,0.0006100335747504975,0.0027098232387111733,-0.0008083100360985959,0.0004410757199998342
1994M09,0.0019100094797230545,0.002474001324251295,0.0014729565677408353,0.0028831118825799855,0.0016133840785284952,0.0027638907592289555,0.004698316577069638,0.0012261540774143268,0.00319686569933441,-0.00022036341313764855,0.002201832703273334
1994M10,0.00178084077256805,0.00234998699748351,0.0013511955370600938,0.0027422257165963353,0.0014848870904416306,0.0026392608327340757,0.004515697966201345,0.0011000250170536555,0.003059822469461222,-0.00031187309362573287,0.0020712069305974185
1994M11,-0.006077205381359953,-0.0007917194853886902,-0.0007965831087459786,-0.004054091893460268,0.0011183004172642692,0.0023143854590155256,0.004096855933097079,0.0007272184997161677,0.002713807887289899,-0.000630975829039173,-0.00013800075016111207
1994M12,-0.006295907493303461,-0.0010681368553332009,-0.0010603807843366805,-0.0042945339014996385,-0.005684609571853189,-0.002167332441029126,-0.004913425007265612,0.0002932185512873166,0.0023149334626926203,-0.0010080694214857694,-0.0023884243462126745
1995M01,-0.00623923591216651,-0.001074301907140298,-0.0010663559020288127,-0.004262362858135789,-0.0056358900086041835,-0.0021600518564456783,-0.004875249619353781,-0.005266887132312856,-0.004667284962389042,-0.0010173407998579943,-0.003626496095843494
1995M02,-0.006233919722345544,-0.0011291667217922174,-0.001118870569419664,-0.004280366541771909,-0.005637734549293608,-0.0022054596578301756,-0.0048856749187611926,-0.005273000955974393,-0.0046815304181462205,-0.004605895558638717,-0.004005161961397364
1995M03,-0.006046137062902968,0.0020197313713442686,-0.000999678515576888,-0.00411748313628301,-0.00545906779488004,-0.0020581378555079126,-0.004721480747423725,-0.0051005801825692474,-0.004501416208790974,-0.004428938745195356,-0.003541318887778585
1995M04,0.001421541093794487,0.0026763765508592587,0.000999056612211658,0.0023790101412666177,-0.0048598646756473594,0.0019383116873049099,-0.004150446477137201,-0.004512259912558648,-0.0038696505324063496,-0.003805761399786107,-0.0011783686912098734
1995M05,0.001230669113724138,0.002489448634317871,0.0008151106072492435,0.0021789996677465725,0.0006923838244169448,0.0017670446256457402,0.003620455348455993,-0.004576410359501762,-0.003947113936773303,-0.0038830612587103202,3.875262665711155e-05
1995M06,0.001193312520675404,-0.001004376226940894,0.0007844565707565425,0.0021279928033240084,0.0006627534330883641,0.0017274267884104162,0.003542023765060095,-0.004537621796121722,-0.003912635933382027,-0.003849756239622073,-0.0003266424314751885
1995M07,0.0010275302183649446,-0.001098087548508418,0.0006251640454289259,0.0019529317982746705,0.0005002333354167006,0.0015770377567214614,0.003332302514405287,0.0002607119166282831,0.0022574761138451378,-0.003913299960625146,0.0006522000189951849
1995M08,0.0010319855395459635,-0.0010710003763459567,-0.0004815124058601352,0.0019432308736636959,0.0005133371650704772,0.0015734652299272613,0.0032997278089140856,0.00027854172776934326,0.0022437832828321744,-0.00385253285906031,0.00054790259864566
1995M09,0.0010158230898365088,0.0024383788016090805,-0.0004765345702225963,0.0019139502085109622,0.0005048941356000005,-0.001463872716070448,0.00324705635652546,0.00027358980411370214,0.0022114638974835817,-0.0010919554118478127,0.0008572793595538438
1995M10,0.0009595957487909118,-0.0010593067465151063,-0.0005001371962752691,0.0018461688610450265,0.000454892955056678,-0.0014787077606861411,0.0031542088912801594,0.0002249214234040873,0.0021423562169672877,-0.0011166204273451216,0.0004627371965722512
1995M11,0.0009863741305555195,0.002366075136527637,-0.00046588578024058056,-0.0035337005303675284,0.0004902599453945724,-0.0014283213905944045,-0.004217162995965321,0.0002657089379785307,0.0021508477601624694,-0.0010579784916729205,-0.0004443783278222026
1995M12,0.0009701637449930738,0.002331602813969041,0.0006359063380620756,-0.0034948622526098454,0.0004810752176205484,-0.0014128815164425967,-0.004172584399136251,0.00025965114392029285,-0.00397618755947132,-0.0010439180975836404,-0.0009422034566678621
1996M01,0.0014465276268489898,0.002763214715052355,0.0011467273419849754,0.0018593221721461125,0.0009789587456120463,0.001552238044307298,0.0031480479441377066,0.0007843327134379524,0.002119795981424741,-0.0005309300138978345,0.0015268235271054342
1996M02,0.00166591910873474,0.0029529541291577572,0.0013839577058769213,0.0020728165890990633,0.001211678931100875,0.0017529182194986992,0.0033549552686030796,0.0010307880772135588,0.002318230243281879,-0.000279700138930443,0.0017464518133636132
1996M03,0.0013360606872175286,-0.0010174050533993326,0.0010386146234162455,0.0017372272171541688,0.0008788425868966913,0.0014476331930248394,0.002980194312071873,0.0006855635787862691,0.001997266789118275,-0.0005864762629312625,0.0010497521671355297
1996M04,0.0011723905174147366,-0.001119913602151331,-0.0004622404292765281,0.001567985289991157,0.0007170278136755456,0.0012951226195426825,0.0027827180495622415,0.000519388129273283,0.0018335107584906245,-0.0007253736611798835,0.0007580615485342529
1996M05,0.0011043956511085848,-0.0011486374851704976,-0.00049655995807712,-0.003075377602658607,0.00065353115823034,-0.0010029727593554778,0.0026874433716999793,0.0004559966167408261,0.0017604621158747234,-0.0007679550648153565,1.7032604357739447e-05
1996M06,-0.0054331400787022,-0.0013577018613098156,-0.0007037449466912947,-0.0032723255053209136,-0.004920794050816095,-0.0012305327143314671,-0.0037638547648116676,0.00014792871153782462,0.001471216590770351,-0.001042376075465365,-0.0020105324695140646
1996M07,-0.005447972093504045,-0.0014141842139956343,-0.0007645508095172631,-0.003310250778520273,-0.004941049458857067,-0.0012929530853784017,-0.003795340622276039,4.9765081852110385e-05,0.0013674856799193004,-0.00111914836318154,-0.0020668198663458858
1996M08,-0.005263179046994302,0.002623527689849149,-0.000648767141428565,-0.0031567283135433906,-0.004765995398210285,-0.0011569219720668138,-0.0036415600262588925,-0.004589416859075138,-0.003531299804735776,-0.0009600421716810937,-0.002509038304414511
1996M09,-0.005345692581536999,-0.0012868092117732529,-0.0007671643342985251,-0.0032583428867450203,-0.00485215900505736,-0.0012841437681693458,-0.0037349488137071838,-0.00467656323692535,-0.003636829849114363,-0.0011132900854918032,-0.0029955943772819204
1996M10,-0.005378769082930741,-0.0013593429076000586,-0.0008412370144227875,-0.0033122177252580833,-0.004889880947469497,-0.0013614891960682933,-0.0037822439569367284,-0.0047157676935925385,-0.0036906890198943497,-0.0038084643628822517,-0.003314010190705533
1996M11,-0.0054306761708968095,-0.0014485568992351932,-0.0009311503840676462,-0.0033836924238116136,-0.0049459286156455584,-0.0014564981622832381,-0.0038467344684765896,-0.004773071378637753,-0.0037635483956665,-0.00387998538248408,-0.0033859842281204985
1996M12,-0.00559318194561428,-0.0016397957936358902,-0.0011181701634987665,-0.0035607498719479927,-0.005110133709573839,-0.0016599896599458293,-0.004013749347026361,-0.004937367547756349,-0.003950263665882651,-0.00406539237194947,-0.0035648794076831433
1997M01,-0.0058955802430502476,-0.001960560071771115,-0.0014286278153431541,-0.0038716310444759337,-0.005411250445337898,-0.002001013425341718,-0.004310774089627687,-0.005237147298375128,-0.0042809965541190514,-0.0043948460523406925,-0.0038792427039782626
1997M02,-0.005929954135036577,-0.002031512210563145,-0.0015012513839697762,-0.0039252544633054266,-0.005449953316634019,-0.002076020927072489,-0.004358456782698362,-0.005277246048801833,-0.00433424632923605,-0.004446844734070635,-0.003933074033138832
1997M03,-0.005686669100778757,0.0024231275410183067,-0.0013266403979564473,-0.0037120486190351065,-0.005216632930694942,-0.0018754152495044822,-0.004147274616990962,-0.005048068802186953,-0.004100372737402435,-0.0042117472465323,-0.0032901742160064084
1997M04,-0.0059601054027265754,-0.0018431432269355014,-0.0016100655247139777,-0.003994293673722448,-0.005489285187399776,-0.002185323897321649,-0.004417073446804347,-0.005319669663657481,-0.004399686515363372,-0.004509863449126243,-0.003972850998777137
1997M05,-0.005909375741568026,-0.0018353391982307613,-0.001604829403114278,-0.003965036590520714,-0.005444336127631577,-0.002173630064393336,-0.004384595127799948,-0.005276866249724387,-0.004363938023395111,-0.004472942862117959,-0.00394308893884961
1997M06,-0.005887056551154465,-0.0018534810817193018,-0.0016240772729135965,-0.003962654811015989,-0.005427113717165644,-0.0021892711251675382,-0.004378285603545082,-0.005261472475776996,-0.0043571817818966255,-0.004465039201264492,-0.0039405633621619725
1997M07,-0.006385542352446472,-0.0023618969845511494,-0.00210707793603206,-0.00446046545245334,-0.005920282401936909,-0.002719749922706492,-0.004858086219351858,-0.0057514301071817635,-0.0048871814599921164,-0.004993915364574896,-0.004444562820122707
1997M08,-0.00627124167531275,-0.002292025075631561,-0.002043224335166367,-0.004369071310017009,-0.005812784286614731,-0.002642875909997264,-0.00476553844757357,-0.005646615005549659,-0.004784792729879561,-0.004890426284930572,-0.004351859506067304
1997M09,-0.006152993423395436,0.001976897909475606,-0.0019749495023920066,-0.0042734436616517395,-0.005701283159867633,-0.0025613591680528148,-0.004668896130759589,-0.005537783786569987,-0.004678092479897766,-0.004782648141529882,-0.003835455154464125
1997M10,-0.005937636558836337,0.002154289048605828,0.0008696910033868395,-0.004083945072752832,-0.005494411141391673,-0.002382963382327719,-0.004480985095049571,-0.005334439114682345,-0.004471107639074232,-0.004574607182912083,-0.003373611513503413
1997M11,-0.006341822424299226,-0.0022175965069963456,-0.0018189112895496897,-0.004490345405731902,-0.005895119422916641,-0.0028174423950121925,-0.0048726923278355995,-0.00573287629946377,-0.004902084369698619,-0.005004548918098094,-0.004409343935960208
1997M12,-0.006451798901004214,-0.0023616870578724797,-0.0019576979392198577,-0.004613391985323436,-0.0060072350510175995,-0.002959937000789399,-0.004988968757329138,-0.005845460408829703,-0.005029582306648319,-0.005131032354568595,-0.004534679176260275
1998M01,-0.006356566284938983,-0.002307473178572315,-0.001910238251934811,-0.004538520262652172,-0.005917937286187107,-0.0028985448990286942,-0.004912749163193654,-0.005758487388508637,-0.0049454920312317205,-0.005045947470839044,-0.004459195621708713
1998M02,0.0008083809957927131,0.0015248831024017875,0.00016768416708394323,0.001494571317211357,-0.00534398784900701,-0.0023474500688577377,-0.004373091188924121,-0.005191266385593297,-0.004353122186955064,-0.004452602331032228,-0.002206600042787966
1998M03,-0.005767649603672922,0.001213885353927868,-0.0001683532749531297,0.0011587671537961804,-0.005509225912552924,0.0012307383493847619,-0.004539598606350332,-0.005356390661865284,-0.004535831942614267,-0.004634355546844531,-0.0026908014691744584
1998M04,0.00048620342550865017,0.001630653623902897,0.00032658290105894877,0.0016096117947043027,0.0003555558804456587,0.001652505560291255,0.0023518986257861727,-0.004993070789038519,-0.004159565779142649,-0.004257151063332625,-0.0004996775819815908
1998M05,-0.005386904138013316,-0.0017767815866828983,-0.001414692609360469,-0.003987546424543846,-0.00037102327889373607,0.000981675581135448,0.0015767349444183367,-0.005418889110130412,-0.004617350278880264,-0.004714014947181657,-0.002512879184813281
1998M06,-0.005634743344442735,-0.0020504460627703562,-0.0016751913027759763,-0.004241294100290218,-0.005141213720421485,-0.0025419638346600914,-0.004196018486104632,-0.005655478927141557,0.001485564808912221,-0.004970459091903234,-0.0034621244061598063
1998M07,-0.005484274193695677,-0.0019360099900046681,-0.00157064016504688,-0.004107296884332386,-0.004997901938372766,-0.0024198688078559925,-0.0040670321708193595,-0.00551142740947377,0.0016001429481477068,-0.0048247474883950005,-0.0033319056099848795
1998M08,-0.00574949961452647,-0.0022255945961558027,-0.0018463770843805136,-0.004377666562215134,-0.005262733800396963,-0.0027129524594671447,-0.004328502583761785,-0.005764885175348636,-0.004874697831716813,-0.0050984568736857135,-0.004224136658165498
1998M09,-0.005650660638938278,-0.002160268093770551,-0.0017879638301644568,-0.0042934622355662085,-0.005169951849280509,-0.002641469764555165,-0.004247569284952257,-0.005670173866287332,-0.00478121334553645,-0.005004637932327092,-0.004140737084137829
1998M10,-0.005446499373413069,0.0009682709851805446,-0.0016321985438525672,-0.004106428641344886,-0.004973589104112385,-0.002464176274694087,-0.004067208189281352,-0.005474570661448246,-0.004579409543284872,-0.0012069171974590795,-0.0032982726543709998
1998M11,-0.005449408875238287,0.000887023466327002,-0.0016658820766640354,-0.004120815231330389,-0.0049805602691171775,-0.0024934780163309816,-0.004081442063367866,-0.005477118987026335,-0.0045902810299792195,-0.004804457400505357,-0.0036776420483232647
1998M12,-0.0054879176324623075,-0.0019917840138257183,-0.001731797601842363,-0.004169692085753008,-0.005022446880579749,0.0005775876053607334,-0.004129028552090251,-0.005513776871158688,-0.004637570454923339,-0.00484941230941849,-0.0036955838796693175
1999M01,-0.005454620880923553,-0.001988913386167789,-0.0017312135506716705,-0.004148413264733962,-0.004993697686775701,0.0005506432823382426,-0.004108780704987098,-0.005481651990611585,-0.004610974211624966,-0.004821176724428113,-0.0036788799118586185
1999M02,-0.005263221878644058,0.0007593278631710099,-0.00040968523300200367,0.0008952126559406909,-0.004809448864146261,-0.0025579159916155874,-0.003939216118901851,-0.0052979386404123285,-0.004421959719632725,-0.004631976372604198,-0.002967682229984731
1999M03,-0.005357563044555738,-0.0018287717043757703,-0.0015845557972258768,-0.003972815981975709,-0.004906017682853526,-0.002677422272473808,-0.00403890903963902,-0.005388128801477069,-0.004526163040428148,-0.004733447345801646,-0.0039013794710806315
1999M04,-0.005442780250201385,-0.0019438939213788761,-0.001693442706781121,-0.004068152459715425,-0.004993577479752597,-0.002787213402114054,-0.004129903313807843,-0.005469633390983288,-0.004620832868865662,-0.004825514121361478,-0.003997494391496173
1999M05,-0.005471057899048187,-0.0020015739763502368,-0.0017490237830013527,-0.004107323269659689,-0.0050251001490353945,-0.002838671582121378,-0.004167029640388501,-0.00549655425446706,-0.004656927589504496,-0.004859550927700021,-0.004037281307127632
1999M06,-0.0058600346619383965,-0.0024194631052629344,-0.0021397156098453265,-0.004501101517005705,-0.005411355635075048,-0.0032565495301192784,-0.004544834678226974,-0.005869767975998313,-0.005062836494259796,-0.005260302779548946,-0.004432596198728072
1999M07,-0.005888578689208721,-0.0024764416082082574,-0.0021949013510130315,-0.004540229650701974,-0.00544308332878702,-0.003307451315258165,-0.004582092703878691,-0.005897102055249493,-0.005098862133813918,-0.00529436630208759,-0.004472310913820687
1999M08,-0.005796710455221735,0.0005586164966594614,-0.0021375406853014578,-0.0044607169449930656,-0.005356289545029036,-0.0032355613388209887,-0.004505337366195882,-0.005808783567749868,-0.00501131416750285,-0.005205918700760166,-0.004095955627491559
1999M09,-0.005564529829718002,0.0008167896360208328,-0.001948911540096621,-0.004242939157579218,-0.005131347176814899,-0.0030207095386510876,-0.004295592413519472,-0.005585578176738247,-0.004779873995425845,-0.004974782955450267,-0.0038727475147972827
1999M10,-0.00021341402418660182,0.002344345252670027,-0.0006273763707733615,0.0006718834228724921,-0.0008005167269139642,0.0007434649502091922,0.0011082589252959891,-0.004505735490992211,-0.0036352954641867864,-0.0038379886010244404,-0.0008752374127029665
1999M11,-0.0009017135617972565,0.001713017710932786,-0.0013379858579278625,-1.894172896186111e-05,-0.001499342882824539,0.0001086891458513665,0.00036413923563156144,-0.0048804027442938625,-0.0040416658162853135,-0.004239407217440563,-0.0014733613717115544
1999M12,-0.0012254241273352198,-0.002412541710950785,-0.0016688278821389473,-0.0003497290194023313,-0.0018237086037578825,-0.00019665767763248423,5.824682801961866e-06,-0.0050427747666561915,0.0011579574184741653,-0.0044161147211205475,-0.0015971996407718261
2000M01,-0.0011501580519988745,-0.002354548722859836,-0.0015847565175813832,-0.0002863499588568563,-0.0017387176371605599,-0.00014013752243858873,6.868829802108515e-05,0.00020137143280281582,0.0012008807727604568,-0.004343021036757696,-0.0010126748944069438
2000M02,-0.0005205129658513771,0.0013999373133519804,-0.000924935668784202,0.0003248574337191795,-0.001085382169507207,0.00042078959531413325,0.0007154351472550384,0.000882205841233356,0.001772554202129995,-0.003917906196467545,-9.329574676066485e-05
2000M03,-0.001073292111718218,-0.001938613258644824,-0.0009288886842725775,-0.00023148989816844682,-0.0016450054810459177,-0.0018999321794449216,0.00011788892740671394,0.00024963283270870544,0.0012188109317394528,-0.0012654858626155517,-0.0007396374784055587
2000M04,-0.0012600236589236377,-0.0020541865844361726,-0.0010442348805284813,-0.003148041796927792,-0.001829258899814874,-9.287797071260307e-05,-9.369014836213161e-05,2.4836727096931577e-05,0.0010141122118056947,-0.0014568756489439943,-0.000994024064974706
2000M05,-0.0044413148449259175,-0.002142375611261154,-0.0011340257626311124,-0.0032269233887975246,-0.0019692187154268575,-0.0020176992266247493,-0.0032420830952139784,-0.0001510411487894896,-0.004221417620004613,-0.0016032397528870103,-0.0024149339166562402
2000M06,-0.0014034692047725623,0.0008810977456362305,-0.0014937906445826824,-0.002951715997470402,-0.0040293989588679495,-0.0017433659852723372,-0.00297510047554513,0.0002719939018666108,-0.0039293124561249485,-0.0011883895991343994,-0.0018561451674267572
2000M07,-0.004149787344557921,0.0007384274023866436,-0.0008903959945156389,-0.0030226476834595965,-0.004092961986672739,-0.00182623428531077,-0.003043723054601753,0.00011129393573747984,-0.003994693184396558,-0.001321481231950766,-0.0021492203427341617
2000M08,-0.004284315795201382,-0.0018735409788805653,-0.0010379140684654074,-0.003161707102245556,-0.0042258323783833755,-0.00023813492619784225,-0.0031784741670721492,-0.0049688098379373135,-0.004130452541073049,-0.004243714996346267,-0.0031342896791802903
2000M09,-0.0042564580076792854,-0.0018647350085759873,-0.0010358014794177933,-0.003143269466197076,-0.004198859854364084,-0.001979203633249844,-0.0031604586308708322,-0.004937062220959548,-0.004103806275236999,-0.004216392041530242,-0.003289604661808169
2000M10,-0.004330120756029116,-0.001956367216233981,-0.0011268049924900202,-0.003223133256577834,-0.004271832392380185,-0.002071377540046757,-0.003237847095323674,-0.00500234750137371,-0.004178661615246532,-0.0042897943497079705,-0.0033688286715409786
2000M11,-0.004421442472355217,-0.002065246100432933,-0.001233832257987213,-0.0033200316694012885,-0.004362204833370393,-0.0021810591386565233,-0.0033318089571249413,-0.005084631017379068,-0.004271157433439174,-0.004380723794418658,-0.00346521376745654
2000M12,-0.0042722843693519036,0.0005010491466472856,-0.0011189177673768343,-0.0031835455306887684,-0.004215755471617012,-0.0020481120839531716,-0.003199193595710439,-0.004937177032559543,-0.004123155369196749,-0.004233015132491215,-0.003083010720629835
2001M01,-0.004354138650769837,-0.001935212840749654,-0.0012166380312340478,-0.003271039232202936,-0.0042968038908913235,-0.002147705031269691,-0.003284056916857134,-0.005010593223818973,-0.004206148039928842,-0.004314546799935228,-0.0034036882657657664
2001M02,-0.0044445027724332896,-0.002043902157943565,-0.0013219916303886755,-0.0033667095518951653,-0.00438624716566338,-0.0022556019601176003,-0.0033769008153820557,-0.005092271553431487,-0.004297633302583519,-0.0044045291752014765,-0.003499029008504022
2001M03,-0.004446633075504813,-0.0020640820896954564,-0.0013456433071286536,-0.003376644760136404,-0.004388777431702502,-0.0022743309837602336,-0.003386481895279666,-0.005089649693917198,-0.004300867887383233,-0.0044069418909159835,-0.003508005301542414
2001M04,-0.004473621727665914,-0.0021088509730939472,-0.0013919706806318564,-0.0034106046710418833,-0.0044157946010656614,-0.002317855656552212,-0.003419415913376941,-0.0051108887137113045,-0.004328944339455688,-0.004434024635909883,-0.0035411971912505296
2001M05,-0.0041575480282610095,0.00033442286297257276,-0.0016280705540193097,-0.00042611386304066854,-0.004104757212065215,-0.002015511004697372,-0.00312839672732538,-0.004803745334947427,-0.004013942324407896,-0.004120566162910573,-0.002806422834870228
2001M06,-0.004209783833804049,0.00021106073057802852,-0.0017484898918704998,-0.0005551079549344024,-0.004156618519094553,-0.00024372000151319365,-0.00318487742770586,-0.004849223308519022,-0.004067234054243974,-0.00417269062582447,-0.0026976684886931995
2001M07,-0.004304743350935825,-0.0018102940940932784,-0.0011208179520522125,-0.003111274222386938,-0.004250594196517308,-0.00042823649802780066,-0.00025916247514721656,-0.004935726905528382,-0.004163234080715606,-0.004267230821875433,-0.0028651314597280004
2001M08,-0.00423556255230268,-0.0017584374694276045,-0.001077532068974043,-0.0030516065003667555,-0.004182788474681913,-0.0003672639887969862,-0.003281666119106903,-0.0048650468099313915,-0.004095078711576808,-0.004198817601139364,-0.0031113800296304448
2001M09,-0.0015308315176928433,2.758390519449908e-05,-0.0019394867781542798,-0.0007511565399452632,-0.0038903631692050375,3.078328339828221e-05,-0.00019039535845239743,-0.004575983179534915,0.0008511223707000689,-0.0039041890497201015,-0.0015872916033411988
2001M10,-0.0015289766959512368,1.2992701289808208e-05,-0.0019325804963433303,-0.0007583892740116709,-0.0015549645518109926,1.6004810208227783e-05,-0.00020499753513392475,-0.00016065050094677367,0.0008258463020596567,-0.003886238571847307,-0.0009171953812487545
2001M11,-0.003938550018850447,-0.0014751701915664004,-0.0008199191523082907,-0.0027672037620836056,-0.0019103752161234062,-0.0003076415908329147,-0.0005812054882389007,-0.0005517061868808831,0.00046764522350008957,-0.0040775611853536104,-0.001596168756873837
2001M12,-0.0018722914982046072,-0.0013749478676121996,-0.0022834415709625886,-0.0011066152558016674,-0.0017405432431443863,-0.00017709363098811041,-0.00042534144001778445,-0.00039036597811844403,0.0005997326156180175,-0.0015597811222361016,-0.0010330688991467872
2002M01,-0.0015902887675015866,-0.00030728608624660105,-0.001986472670439719,-0.0008365179679748445,-0.0014534551335431815,-0.0020840006830485985,-0.00015049277914901647,-0.00010576953304343006,0.0008421745217426437,-0.0012714272270552157,-0.0008943536326259547
2002M02,-0.0011848212165360109,4.371536073008984e-05,-0.0015620335129349061,-0.00044407556701480484,-0.0010401491934151218,5.5957794562372636e-05,0.00025234661492884187,0.000311262482206736,0.0012035732303918457,-0.000855400368884339,-0.0003219624375965297
2002M03,-0.0011241337468125509,8.586332263031552e-05,-0.0014948428489606307,-0.00039229290972738525,-0.0009797295062626376,9.798209551479587e-05,0.0002984398355558677,0.00035831189313016275,0.0012359688256441074,-0.0007964263693757811,-0.0002710859408663736
2002M04,-0.0008203938096508208,0.0003471292953814392,-0.0011763680966996718,-9.993298107386804e-05,-0.0006707273459898321,0.0003591268805370781,0.000596302143167205,0.0006660993777088935,0.0015016761849217537,-0.00048597939274222686,2.169322555599499e-05
2002M05,-0.0004361537821644069,0.000681766121086703,-0.0007749838150143061,0.0002722994284118569,-0.00027953435680329016,0.0006936449182704998,0.0009775424448540864,0.0010599740755195255,0.0018452948428869238,-9.244043723819319e-05,0.00039474094398093994
2002M06,-0.00015335022531804115,0.0009258838399750775,-0.0004788404749837893,0.0005444443103396947,7.813507691194384e-06,0.0009376461783629599,0.0012539944785939353,0.0013451112775216259,0.002092549828353732,0.00019603387607572496,0.0006671286596612114
2002M07,-0.00037864477411476104,-0.001202020573075715,-0.0007080282837441245,0.00031412316593807006,-0.0002242035996835698,0.0007236326886369722,0.0010055529481271864,0.001087055478200552,0.0018533921676138648,-4.065253658525232e-05,0.00024302066813132228
2002M08,-0.0005886971530335455,-0.0013371744860714565,-0.000731493449849085,9.898957058630245e-05,-0.000440501043083537,0.0005231788320877756,0.0007733648015271163,0.0008460256614882655,0.0016291374680210756,-0.00026134391961707155,5.114862820558399e-05
2002M09,-0.0003336846784726265,0.0007119845477091677,-0.0009213858673565993,0.00034418226183283943,-0.00018159793584335022,0.000743315109213165,0.0010218878790132732,0.001102109507204736,0.0018514440383466642,-1.5740082054275031e-06,0.0004336680853441842
2002M10,-0.00043551260619992347,0.0006079350257091407,-0.0005690335739817341,0.00023641578758411405,-0.00028721035929494794,-0.0018180090918683322,0.0009021991304185824,0.0009775397822325291,0.0017318379405602616,-0.00011025779027089375,0.00012359042448887962
2002M11,-0.0003187511705782732,0.000705862755455724,-0.0010212530398885237,0.00034512936780366774,-0.00016955186446973103,-0.001725247371131334,0.0010084560189151928,0.0010864717258244868,0.0018225162446052125,6.769916530932965e-06,0.00017404025830673552
2002M12,5.269903131798273e-05,0.0010396128107368523,-0.0006222786134891338,0.000706121683434491,0.00020808272386073096,0.0006409332144064975,0.0013776656251924596,0.0014668727789704647,0.002158406954121386,0.00038652358704381086,0.0007414639795595542
2003M01,0.0007175979409246771,0.0016455761590699694,8.516787263714346e-05,0.0013578373774239495,0.0008850889955980502,0.0012506225402754189,0.0020495408903714973,0.002159462223093154,0.0027770407806093356,0.0010687232484535725,0.001399665802845677
2003M02,0.0007461008088047935,0.00166337531249466,0.00012182805007187008,0.0013797190343696189,0.0009124644622647677,0.0012720786716519067,0.002065193919635055,0.002174445441240424,0.002784645049343249,0.0010944877997987584,0.0014214338549675104
2003M03,0.0002760046148358184,-0.0011600492207074508,-0.00036624947942952274,0.0009080196832281376,0.00043119093454430015,0.0008316594656545364,0.0015672468920667273,0.0016596237546793466,0.0023130425747584474,0.0006064459367185479,0.0007066935156348887
2003M04,-0.0038221638721864194,-0.0013934963345509847,-0.0004931436387295351,-0.0026607057742230643,8.37836313339578e-05,0.0005121940215441331,0.0012048551114752439,0.0012849449719588386,0.0019675465185202564,0.0002537592162821017,-0.0003062426148575472
2003M05,-6.306934596148842e-05,0.001219366229058365,-0.0007161803032136527,0.0005661016340075698,0.0008187024215982374,-0.001451271892969113,0.0019359123748407476,0.0020377865851141713,0.0026436496487025466,0.0009943274385995375,0.0007985324789776919
2003M06,-0.00010929007815960569,0.0011644283109544912,-0.0007580948385111375,0.0005142756109654989,0.0007633837237162192,-0.0014755347193676608,0.0018689844823931386,0.001967770346874566,0.0025745065523037447,0.0009367221692830347,0.000744715156045229
2003M07,-0.00012318559093555314,-0.0008640971892182821,-0.0007661385614237275,0.0004945737155576621,0.0007408807418659803,0.001177044358719646,0.0018354216599495033,0.0019321926321903948,0.002536626460935298,0.0009122991734385093,0.0007875617401079431
2003M08,0.00013069612430617996,0.001139934151334559,-0.0004931332307150292,0.0007402324022924528,0.0009888952973234836,0.0014034492707796968,0.002075217512857236,0.0021782146509629436,0.002754787988649028,0.0011610573805842152,0.0012079351548374766
2003M09,0.000579733539407708,0.0015559049368143246,-1.568971234094682e-05,0.0011793766053090488,0.0014340359337781982,0.0018134069066583494,0.0025141929418208055,0.002629209180409541,0.0031599580259140656,0.001608822810819639,0.001645895116859073
2003M10,0.0005420972487677192,0.0015116283483551695,-4.9333436328484665e-05,0.0011365365482314629,0.0013879851272418798,0.0017672599201168733,0.0024574163465742142,0.0025696350751205155,0.003100964208190986,0.0015606687882492578,0.0015984858174519594
2003M11,0.0008143286844421649,0.0017610271549626372,0.00024185516306894108,0.00140081687624408,0.0016548552877499768,0.0020122671582167868,0.002716715176338677,0.0028353967957660134,0.0033385051647698938,0.001828427500639428,0.0018604194962198596
2003M12,0.0012665028735249903,0.0021813774866105357,0.000721273048947806,0.0018435486800461435,0.002103433621145531,0.0024268279180120794,0.0031595619064146794,0.003289876781330487,0.0037487052536269235,0.002279575984693919,0.0023020683554353097
2004M01,0.0015689626155769706,0.0024603059091332295,0.0010433283008553782,0.002138084948687555,0.0024009899594767043,0.0027012744699884098,0.0034500944304223426,0.003587469140548698,0.0040164302035887904,0.002578256526495305,0.002594519650477338
2004M02,0.0014367915074787988,0.0023272944878302087,0.0009098815208159882,0.002002012490366057,0.0022600534109058173,0.0025673481576722413,0.003298240074332966,0.003430021031832953,0.0038688572674947528,0.002434400683285989,0.0024534900632015772
2004M03,0.0016762232368892375,0.0025470050870981496,0.0011654260411957235,0.002234323399313686,0.0024942254090188094,0.002783195191653548,0.0035251028482158287,0.0036620128465022495,0.004077269984878963,0.002669116542542002,0.0026833900587308196
2004M04,0.0015768605800913077,0.0024453348176160074,0.0010661928650617155,0.0021309367293084963,0.002386671994819738,0.002680403923545785,0.0034072933002023725,0.0035396631258746633,0.00396176975635222,0.00255901858286795,0.0025754145675740254
2004M05,0.0008719496822480501,-0.0006738298857553381,-1.0138684219346139e-06,-0.0021224450244171286,0.0016683564747413358,-0.0014760982099925948,0.002673451558468074,0.002784409502939667,0.0032664357098783335,0.001832750722538425,0.000882396666222689
2004M06,0.0010109011018834668,-0.0005529664869548114,0.00010913238522998085,-0.0019906824691064435,0.0018015407419832694,-0.0013461162160187357,-0.003005427449814686,0.002912290897824959,0.003379643436798692,0.0019656587952621672,0.0004283974737087859
2004M07,0.0012124923547347042,0.0017684321793522125,0.00026683598294034944,-0.001808708890473804,-0.0038726364685039896,-0.0011648373241268711,-0.0028190266751042022,0.0031058331999402923,0.003553328089656769,0.002162411669274134,0.00024041241176895944
2004M08,0.0013461124592120976,0.001893040546288055,0.0003336316298406031,0.0014273374379750378,0.0019980098349453804,-0.00103888710103095,-0.002686154572038703,0.0032285136586782254,-0.003799076853237714,0.0022900954337029605,0.0004992622474334994
2004M09,0.0013499056144373523,0.0018922263186610464,0.0003469050220765366,0.0014304957770941591,0.001996248584435447,0.0020071528020781442,-0.0026560884019190293,0.003215816234935876,-0.0037591284130303513,0.002285816203893394,0.0008109349742662572
2004M10,0.0017311095025277102,0.002256624220925503,0.0007646191056361026,0.0018175271661547959,0.0023784444794162423,0.002373595552038062,0.0027989198007853577,-0.00455404611439876,-0.00340116886189404,0.002665537161955744,0.0008831162013146716
2004M11,0.0020885476391820533,0.0025982940731845627,0.0011562179163094378,0.0021802912232301757,0.002736454999938561,0.002717092221542225,0.0031658037139455707,0.0035973719547802013,0.0036622847821890106,0.0030211146936429826,0.0026923473217944777
2004M12,0.0020207380363819858,0.0025285764062020766,0.001091858339177263,0.0021105710087523915,0.002662061140278352,0.0026458542657263463,0.0030850887746971247,0.0035129042482201396,0.003582783163637667,0.0029443287357163476,0.0026184764118789695
2005M01,0.0016452769896525255,-0.0003820866724371327,0.0003737986190413146,0.0017281036698076878,0.002274998050237599,0.0022744033542836414,0.00268103189159963,0.00310515930069573,0.003200780802119517,0.002554913415713609,0.0019456379420714118
2005M02,0.0017138529704982218,-0.0003109151805588267,0.00043601864477613254,0.0017971286199222813,0.0023395032120841776,0.0023363535072946718,0.002744271983412227,0.0031647743719177696,0.0032558155367719568,0.002617105227432288,0.0020093908893550902
2005M03,0.0018940004261325098,0.002161004294528954,0.0006981972163370107,0.001979546725243813,0.002517475624027347,-0.001019216324108568,0.0029248471146472886,0.0033417859235892276,0.0034208657108384514,0.0027928022130201463,0.002071130892425618
2005M04,0.0017897339337677163,0.002056277401505354,0.0005864397837848855,0.0018728893443925032,0.002406444837494854,-0.0010890100813179338,0.0028066609109992655,0.003220096032471101,0.003306218649182492,0.002679532998934869,0.0019635283811215106
2005M05,0.0016511659637523982,-0.0001462999599526874,0.00048355199851940754,-0.0016809366064391277,0.0022606684251911865,0.0025073439321911715,0.002652690151006269,0.00306267997979917,0.003157968266859507,0.0025315542627486172,0.0016480386413675913
2005M06,0.0018277568415318367,0.0019177921851798432,0.0005952623612430503,0.0017314157989686979,0.00243520873732358,0.0026758663033595127,-0.002326960023924974,0.0032363620249391744,-0.0030629656593381084,0.002703927488180554,0.0011733666057463163
2005M07,0.0016637731009162787,1.6280626635847236e-05,0.0006319460579107281,-0.001505704334002535,0.002263801033398314,-0.0011888787128716484,-0.002438451427456987,0.0030527675660686924,-0.0031755474516312557,0.002530387095756423,0.00018503735547238572
2005M08,0.0018506982258896035,0.001754381687951637,0.0004249397378076934,0.0015642671769188754,0.002448945231737499,0.0025065792625795277,0.002829760541838777,0.0032375183518931327,0.0033201406635640016,0.002713432191242389,0.002265066307142314
2005M09,0.0021068005429835065,0.0020112249014912213,0.0007216838378956364,0.0018307729885948928,0.0027043753428028124,0.0027576363409296638,0.003094631352545813,0.0034948286833141294,0.00356493957729117,-0.003962644600042648,0.0018324248967806198
2005M10,0.0023698742355991345,0.0022750281791564077,0.0010254785026222002,0.0021043059121148592,0.002966895334530163,0.003015741821347224,0.0033667843844408024,0.0037594256880526776,0.003816882437583844,0.0029667959979365706,0.0027667212493383882
2005M11,0.0024838144253429926,0.0023896868996308948,0.0011631633831194071,0.0022238814853154376,0.003077995980278296,0.003124789074835426,0.0034800359561936154,0.0038677634149870774,0.00391986044397934,0.0030787586590517086,0.00288097497227342
2005M12,0.002989152205553549,0.002895732405598687,0.0017342515148713053,0.00274690363809088,0.0035865131040421863,0.003625307496779118,0.004009745582090841,0.00438607818489543,0.004414400885703911,0.003591181586238598,0.0033979266603864507
2006M01,0.0034935845745470867,0.003400861937278448,0.0023032501771507695,0.0032687204535723877,0.004094062926365254,0.004124992438226199,0.004538105455651123,0.00490324233697193,0.004908197070517213,0.0041025701974175925,0.0039137587567698
2006M02,0.003585217334477071,0.0034931815315585755,0.0024144039229535876,0.003364867680377904,0.004182558747709086,0.0042119481028696625,0.004627285784071951,0.004988209506182184,0.004989351219365943,0.004191671992627268,0.004004869582219323
2006M03,0.003704968834830457,0.00361360976575695,0.002556330894169724,0.0034899173296366903,0.004299639812148117,0.0043270912887495815,0.004746380593434965,0.005102695751384927,0.005098778205859854,0.004309564845182988,0.004124897732115425
2006M04,0.004497359189527785,0.0044066669749730615,0.0034410576404132233,0.004307755901807577,0.005099364313008978,0.005114940603637277,0.005579838475876274,0.005920709122964918,0.005880994769527767,0.005115183371923151,0.004936387036366001
2006M05,0.005139376951846036,0.00504934192725186,0.004158295662405498,0.004970353323357123,0.005746397004747475,0.005752483138317057,0.006253038259826815,0.006581126556801888,0.006512986187063415,0.005766891720201101,0.005593029073181826
2006M06,0.004091849254059625,0.00018801951727477576,0.003010476069525574,0.0038930397947362127,0.004679146128505051,0.0047005446046567475,0.005133038173565044,0.00547550174779989,0.0054555764084480984,0.00469164271460796,0.004131883441317898
2006M07,0.0044590151622068575,0.0005542914171250931,0.003423740639014918,0.004272466534441639,0.005047377507245393,0.005063362688871149,0.005514568766149197,0.005848782155612371,0.005813001408349705,0.005062470697674126,0.004505907697669046
2006M08,0.004537715940922624,0.004002461963455331,0.0035185225477814223,0.004354826814928389,0.005122977848640239,-0.0010054365840597716,0.005590066933028735,0.005920686176393985,0.005882099447731105,0.005138509496684674,0.004306243058550673
2006M09,0.004136376980509633,0.0006529857167566902,0.0007891033589392477,0.003943180124691795,0.00471172503230908,-0.0013530513128007268,0.005156914072052992,0.0054914721865843,0.005471292997833553,0.004724186288523474,0.003372418544540004
2006M10,0.0039553762744991,0.0005065823854118977,0.0006491292760949306,-0.001321360965377691,0.004524076457760815,-0.001489921599151035,0.0049576278642674285,0.005292653236470569,0.005280957214778798,0.004535108358041181,0.0026890228502795994
2006M11,0.004480656218039762,0.0035992128320183614,0.003084639299831793,0.0037583606707084277,0.005052749779497401,-0.0009493508675276525,-0.002252822706075862,0.005831081025658141,-0.002974487301116633,0.005067452895532775,0.0024697491846566513
2006M12,0.004490841020333403,0.003615937936405585,0.003106737863299384,0.003774068469850638,0.005059076372302429,0.005137777314915529,-0.002199160776293552,0.005831990173319719,-0.0029128877159322586,0.005073720498737593,0.003097810115693847
2007M01,0.004426027966873192,0.0010201480072232149,0.0030450691407943563,0.0037120405744271692,0.004989417058711046,0.005066582652241067,0.005506437131032788,0.005754819780761305,-0.0029269902985961356,0.005003471650600574,0.0035597023664068576
2007M02,0.004790584880290893,0.0035554604524530237,0.003461514785479825,0.004094462079109203,0.005355116901335628,0.0054368575584441085,0.005889717839852085,0.006125465698906805,0.005797031735123074,0.005371613474133038,0.004987782540512768
2007M03,0.004606947619763141,0.003374039542451139,0.003267159563951287,0.003909271926962875,0.005165097404218138,0.005243631258192303,0.005684808799868985,0.0059246685483664956,0.005602654070206261,0.00518016972825751,0.004795844846223813
2007M04,0.0048299203214282795,0.0036133162134609808,0.0035250903147267774,0.004144831706413606,0.005387306810773592,0.00546836400929351,0.005916068306113579,0.006147781916335048,0.005823388495532702,0.005403797881953488,0.005025986597603156
2007M05,0.004653394132194282,0.001387862499042912,0.0033386155119238337,0.003966943156275088,0.005204629007567881,0.005282628584136221,0.005719174903472258,0.005954748652584985,0.005636501444109555,0.005219765188445831,0.004636426307975285
2007M06,0.004532808731495616,0.0012920749101176222,0.0011364537135533277,0.0038469298375793494,0.005078725447964716,0.005154481441568603,0.005582478617821367,0.005820198652406447,0.005506829127775684,0.005092908657623199,0.004304388913790593
2007M07,0.004552862829171452,0.00343909328741179,0.0011759910010666313,0.0038723318902367794,0.005095407488833101,-0.000903610447539938,0.005596552934443912,0.005832259151898344,0.005520749949590759,0.005109607469170837,0.003929124555428367
2007M08,0.004451857967699185,0.001332131958959052,0.0011023515377913096,-0.0007782935216882044,0.004989471803634968,-0.0009693819641751123,0.005481186263740896,0.005718428266673961,0.005411272410086248,0.005002870879535802,0.00317418956022581
2007M09,0.004820159444242437,0.003340874285607011,0.0032143977407089333,0.0037725128843832446,0.005359082419106835,0.005170877050600045,0.005867916118543811,0.006093102976732654,0.005780537396478791,0.0053748405118260335,0.00487943008282298
2007M10,0.005171237095039315,0.003721121367458378,0.0036233232704684145,0.004144759075211263,0.005711226947856198,0.005533738247023921,0.00623598011302115,0.006449774737410676,0.0061322259354345725,0.005729198109233476,0.0052452584898157375
2007M11,0.005559665221191272,0.004140343687777885,0.0040736327016588315,0.00455556751320816,0.006101193167511318,0.005935286823875409,0.006643720144950767,0.00684521640432624,0.006521989326541183,0.006121595669138785,0.0056498210660179855
2007M12,0.0054793697674881976,0.004065262716650569,0.003993630156969255,0.004478731165371074,0.006016367914751946,0.005849313262060384,0.006550587892194698,0.006753216818799642,0.0064338808178610995,0.006036087119273005,0.005565644763141987
2008M01,0.006084471494402379,0.004712063916005759,0.004687143103133248,0.005114301635466848,0.0066257850602979545,0.006475866744677934,0.007189336910625335,0.007373823567491276,0.007044536055293785,0.00664930876766434,0.006195663725505887
2008M02,0.006413025858120784,0.005067113925341005,0.005067550707548105,0.005462081463507113,0.00695507697281598,0.006814747454357352,0.007532526698645483,0.007706835278328773,0.0073732545121549045,0.006980560732779485,0.0065372773603598975
2008M03,0.006727826728261796,0.005407337946099833,0.00543173109045751,0.005795322266216051,0.007270431960840447,0.007139204711671158,0.007860850954525732,0.008025499757564827,0.007687954579470379,0.007297762034358485,0.006864392202946622
2008M04,0.006263320436971415,0.0017108544488096912,0.0049178190816466915,0.005318851244050213,0.00679667021159309,0.006654063480179801,0.007358079185492523,0.007534640493519323,0.007208551789919996,0.006820828817878438,0.006058367919006118
2008M05,0.00609560616459374,0.0015686076177592516,0.0014663996215341503,0.005150740712433153,0.0066235260747193134,0.006477393895767035,0.0071721287192181606,0.007352326184662077,0.007031728246032382,0.006646443783248947,0.005558490101996821
2008M06,0.006053406363056518,0.0015539103108609003,0.001452849253416621,0.005112946430914626,0.006577523046392023,-0.0005632403477075608,0.007120134665589448,0.007300509065740826,0.006982886435207332,0.006600010000316293,0.004819093522378703
2008M07,0.0063208154784620985,0.004927174389788795,0.004738484284633788,0.005396462600906127,0.006844998220732639,-0.00023550176564730467,0.0073979812021088085,0.007570179902600512,0.0072495051610108364,0.006869006840622237,0.005707910631521854
2008M08,-0.0032680309266529964,0.001854249385262836,0.0017430028584235376,-0.0003653029958412162,0.005950493576069896,-0.0011304937468966298,-0.002217165347777734,0.0066486111053558955,0.006346981926317598,0.005968832360993114,0.00215311781952543
2008M09,-0.0035781074102968985,0.0015508349347112958,0.001451086819956219,-0.0006761214634454865,-0.0037277505870557783,-0.0014264450152119523,-0.002508015194592628,0.006311439213421882,-0.002512412852760266,0.00564203650844662,5.26544953173007e-05
2008M10,-0.0039766906183145816,0.0011696917378307037,0.0010840655597385736,-0.0010701963627440417,-0.004122526667401409,-0.0018031906275789184,-0.002880242700760786,-0.004219503719735848,-0.00290473105076071,0.005238271004390078,-0.0013485053445336937
2008M11,-0.004357733774274328,0.0008037368792066206,0.000731530438348824,-0.0014478219098928986,-0.004499936173671184,-0.0021642267949772715,-0.003236718257294275,-0.004588607782957347,-0.0032801818831483458,-0.003681171691183805,-0.0025721130949844006
2008M12,-0.003888259888327859,0.003992846901158392,0.0010998605509196725,-0.0010246803410756448,-0.004032703873249024,-0.001749885873700908,-0.002812967004476191,-0.004130187732816945,-0.002833540806007597,-0.0032163637506379622,-0.0018595881818214064
2009M01,-0.003456849772969461,0.004348361546660583,0.0037474653663998156,-0.0006367945520751714,-0.0036032459084378208,-0.001369588981027792,-0.002423592262598992,-0.0037086690349048502,-0.0024234006883916705,-0.002789555663619905,-0.0012315869950965262
2009M02,0.005440330179445399,0.005003919897128167,0.0044520407010108015,0.0044885649816595935,-0.0028585248940591616,0.006431149593972493,-0.0017420981595852299,-0.002978045635868366,-0.0017060397350495947,-0.0020453038276796107,0.001448599310097449
2009M03,0.0052960303169030665,0.004854127751270141,0.004295812893503375,0.004344802406758091,0.0056258022030201684,0.0062732724003234245,0.006453740943648155,-0.0030802522238072717,-0.0018158920701314995,-0.00215657506534787,0.0030090869556139784
2009M04,0.005048484362296499,0.0011850231992596913,0.004023245616504069,0.004093939384962112,0.0053732570738964595,0.006007125126721428,0.006181318603609421,-0.003295702497523513,0.006017866137787524,-0.002384008414589788,0.00322505485929239
2009M05,0.0053287428706879705,0.004595277929411512,0.004346122583991051,0.004390470091055336,0.0056549357287046876,0.006295405055754822,0.00647399755372697,0.005895992347768164,0.006299049355069691,-0.00202056893334542,0.004725942458282477
2009M06,0.005445836269421809,0.004724348679897642,0.004484598615142492,0.004517629950967303,0.005771478192944216,0.0064123126470650845,0.006591994577163544,0.006014643797823332,0.006413100736291727,-0.0018408464420205733,0.004853509702469657
2009M07,0.005253285417277475,0.0014919321786139397,0.0042741853223593074,0.004323694350076549,0.00557469672396767,0.006204287207298523,0.006378914054067443,0.005810334273940277,0.006210083210198908,0.004849875997839125,0.005037128873563923
2009M08,0.0053829228905404635,0.004524272696928801,0.004426468927773064,0.004463679798532144,0.005703966526460457,0.006334452889126444,0.006510428924637338,0.005942108414618995,0.0063370964445405315,0.004985848391498224,0.0054611245904656455
2009M09,0.0057204386301335395,0.004890181749125219,0.00481214971975201,0.004818932511194914,0.006043564547484526,0.0066826307989522,0.006864001602748601,0.006290554000594339,0.0066769686686834594,0.005335847084366794,0.005813526931303561
2009M10,0.005954269193295725,0.005145014738681173,0.005080727488176926,0.005066562412667934,0.006278240345786902,0.006921967133850609,0.007106650519134042,0.006530810458766603,0.006910673741988223,0.005578926125871702,0.0060573842158219825
2009M11,0.0063122994627940205,0.0055321713113641,0.005488281092033842,0.005442663446437759,0.00663855020474162,0.007291422368502109,0.007481772516476767,0.006900395642163203,0.007271502344011818,0.005949769971789615,0.006430882836031484
2009M12,0.006300940994024891,0.00552480787305212,0.005480821389060544,0.005436047493667116,0.0066251745817558095,0.0072736567700571785,0.007462521265938484,0.006885063331365793,0.0072542688064924435,0.0059402099568273085,0.0064183512462241705
2010M01,0.006220355553877062,0.0016471978143422965,0.005395707262557003,0.005357705470339686,0.0065417994607572545,0.007183443953140206,0.007369523582678285,0.006797683687558922,0.007166266682780311,0.005859377755489175,0.00595390612235202
2010M02,0.005978055934277422,0.0014191390349994298,0.0014370568090771015,0.005111948847032091,0.006294893880322871,0.006923975781137843,0.007104245265220832,0.006542010976954114,0.0069128970654505975,0.005612133250426681,0.0053336356844898986
2010M03,0.006099957739703395,0.005443553907324561,0.005129489639912599,0.005243138547340632,0.006416380717935247,0.007046049907719973,0.007227432882196159,0.006665604932060233,0.007032228561052029,0.005739673389442142,0.006204351022468697
2010M04,0.006271141782774316,0.005632098169626211,0.0053283098399722565,0.005425212321340966,0.0065877113435367386,-0.0006988743648747987,0.00740311424271523,0.006840467121114529,0.0072019981204140176,0.00591784711392466,0.005590902569054413
2010M05,0.006456588195460847,0.005835807139067665,0.005542829753887109,0.005621915101484696,0.006773462943103091,0.007219709858256116,0.007593933070074,0.007030126247965592,0.0073863702678341045,0.006110610822224218,0.006557135339935743
2010M06,0.0065122523138543545,0.0058994737252915765,0.0056110841878672275,0.00568425726447441,0.006827978756966681,0.00727384988015396,0.0076465087203952484,0.007084733531739843,0.0074380393263473905,0.006169822088147286,0.006614799979523797
2010M07,0.006303718153728965,0.0015745084921893792,0.005382367835911458,0.0054733185025798575,0.006615373514822612,0.007050064824031858,0.007417927003732307,0.00686458668396437,0.007219617954688315,0.005957331766581671,0.005985881473223079
2010M08,0.006375679546448608,0.005678524384733837,0.005468811303307256,0.005552410787997065,0.006686408208229241,0.00712145900907436,0.007488012620114243,0.006936223424518126,0.007288070664558352,0.006033260537676297,0.006462886048665737
2010M09,0.006646201756029041,0.005975425806642741,0.005777853710660548,0.005836676829127691,0.006958195889004085,0.007401632192503927,0.007769305992883805,0.00721427733799119,0.007559535639251085,0.006313252188914131,0.006745235734300824
2010M10,0.006983429331610701,0.006344185323788908,0.006161220071436161,0.0061897306079517584,0.007297404125887315,0.007751812141629677,0.008121397931077788,0.0075615752363094235,0.007899169714385798,0.006661696916968149,0.007097162140104567
2010M11,0.007171142074969625,0.006550893546303908,0.006376501875803235,0.00638810988010964,0.007485450840400809,0.007944728454933294,0.008314407083450886,0.007753398836086276,0.008085976471979124,0.006856372622379193,0.007292698168641599
2010M12,0.007313491355780964,0.006708347673704987,0.006540657299221726,0.006539504066333846,0.007627640066056437,0.00808992918039261,0.00845915737040111,0.007898049162478549,0.008226438117414702,0.00700436210020509,0.007440757639199003
2011M01,0.007160751139464912,0.0016797916953025297,0.006374333926538043,0.00638598113568565,0.0074715685102623814,0.007925171646917585,0.008290452134909376,0.007736172264831484,0.008065415794430729,0.00684913788483984,0.006793877613318252
2011M02,0.0072622176154047416,0.006546795851950154,0.006492461625742511,0.006495008097196081,0.007572458064175903,0.008027464666057452,0.008391842376241868,0.007838379643003258,0.008164186060904584,0.006955055152270559,0.0073745869152947105
2011M03,0.007551536609453628,0.006865001741280111,0.006820346124912814,0.006797931023215086,0.007863204704710584,0.008326941803176986,0.008692629996959468,0.00813561705743872,0.008454877676086246,0.007253853916229597,0.007676194065346325
2011M04,0.007913777758596433,0.007262016481930379,0.007229230627666103,0.0071759940776610995,0.008227630055985806,0.008702835508081107,0.009070668697508185,0.008508464769603322,0.008820036598116409,0.007627433175259156,0.008053808775040801
2011M05,0.007756220497240519,0.007094789177389891,0.00705733267970446,0.007017320902933146,0.00806676244294515,0.008533217737972812,0.008897144470330038,0.008341731357758257,0.008654306528861865,0.0074671944073607865,0.007888602020249692
2011M06,0.007699922887122666,0.0018239912473305502,0.0069985664893275346,0.0069631682871126276,0.008008249454995153,0.008469943629312608,0.008831175444363903,0.008280167112525647,0.008592065656986917,0.0074109368931966,0.007307818710227421
2011M07,0.007838625339254205,0.0070374632929354215,0.0071572425359442615,0.007110216320695211,0.008146790856795382,0.008611231494022478,0.008972033494398195,0.008420958724761556,0.008728992672479806,0.0075548377487915375,0.007957839248007807
2011M08,0.00829657680030131,0.007540824728413104,0.0076714249228442485,0.007586559939334083,0.008607891216311683,0.009087188100202153,0.009451202661512554,0.008892864051988565,0.009191873130966529,0.008026334182973901,0.008435273973484812
2011M09,0.008209917010164847,0.007450660468441677,0.007578469428586924,0.0075009004550931355,0.008518733312792324,0.008992129650113123,0.009353148906226306,0.008799839680991576,0.009098744926813344,0.00793882069475706,0.008344136453398031
2011M10,0.007715998233952348,0.0020145971040358346,0.0015887303379269503,0.006995178034366478,0.008018165029630835,0.008470405120571569,0.008823873471764335,0.008284619041072142,0.008589984166033484,0.007433451410390099,0.006793500194974408
2011M11,0.007882610568930479,0.0022382424419293894,0.00703230812162485,0.00717075127668551,0.008184935823151185,0.00864095980543427,0.008994362065817049,0.008454360514991259,0.008755526724763313,0.007605844100282478,0.007495990144360978
2011M12,-0.0027080585213193047,0.0018484861821833427,0.0018135378679366716,5.071992723046366e-05,0.007810497840526636,-0.0004497980041882417,-0.0018462680281752567,0.008068768289632523,0.008374322245385646,0.007228600848456877,0.0030190808647669355
2012M01,-0.0026246946310167166,0.001892950816819224,0.0018582022072254022,0.00011173315854404352,0.007819686221349553,-0.00038795999653393025,-0.0017754281190910776,0.008076856522553928,0.008380727730069714,0.007240914676123585,0.0030592988586043727
2012M02,0.007513455004494225,0.006917275151468513,0.006624377476256842,0.006793807763573756,-0.0029635914853915254,1.790783034780678e-05,-0.0013585582311698278,0.008376328208582376,0.008674096440130648,0.007541595538041693,0.00481366936963345
2012M03,-0.0021629559850899517,0.002258186116792256,0.006373475865684651,0.0005298510728068848,0.008112925806227553,0.00825032661301681,-0.0015837317225417384,-0.002935782911357362,-0.002038153446964379,0.007308963018477206,0.0024113104427051927
2012M04,-0.0023009510070986674,0.0021162629789211285,0.0022236349424802166,0.0003827311963339002,0.00795805013076443,0.008087433754904685,-0.0017126921926257203,-0.00306434050087375,-0.0021725021943155547,0.0071565833603717665,0.0018674210468862436
2012M05,-0.002615866219486514,0.0018242999954571745,0.0019294158293720616,6.875695087142208e-05,-0.003199080947596685,-0.00021424319175226102,-0.0020026949389211272,-0.00336426875457112,-0.0024781473602344378,-0.0020082606667120024,-0.0012060089303573488
2012M06,-0.0026051262490165115,0.0018086145725325694,0.0019130517477011692,6.222187224459158e-05,-0.0031844075023016306,-0.0002188766105251136,-0.0019965913207721773,-0.003349103926249301,-0.002468626617226886,-0.002001562170250137,-0.0012040406203863427
2012M07,-0.0026301665922421396,0.0017628094984488483,0.0018664073314428543,2.21075473385383e-05,-0.0032058015237505662,-0.0002561066832916556,-0.002023018150782683,-0.003368643134073908,-0.0024937384662478373,-0.0020303591611091397,-0.0012356509334267689
2012M08,-0.002434207897631933,0.006668899953844161,0.0020090799150333325,0.0001909748162366379,-0.003004799733544807,-9.060918888082614e-05,-0.001848044834045934,-0.0031742021560122614,-0.0023048000332668473,-0.0018395344415037317,-0.0005827243599772208
2012M09,0.0072844526753909275,0.007107709630682198,0.006211055392617529,0.006561432410069948,-0.00242054083387761,0.007785659891193403,-0.0013255794478738672,-0.0026107941999421575,-0.001746825840463906,-0.0012702356898581652,0.00255763339879383
2012M10,0.007239382963534353,0.007059436429386204,0.006166935973830796,0.00651868373408098,0.007670432229229961,0.007736125076172812,0.00859769340188247,-0.0026056001950218914,-0.0017469980986459935,-0.001273447942838566,0.004536264357161112
2012M11,0.0071317411144387706,0.0019052661994393458,0.006053357915986812,0.006411423763224578,0.007560656472878461,0.007621483861585462,0.008475460788360478,0.008137029034096492,0.008436919130755408,-0.001357187326452073,0.0060376150954313725
2012M12,0.006986291635014882,0.0017717509829116096,0.005897905122956239,0.006265200783672124,0.007413094109915468,0.007467555722763958,0.008312987293639594,0.007981255910409232,0.00828198736020584,-0.001489497489232943,0.0058888531432256
2013M01,0.006900425631492124,0.001704526261236519,0.0024784831796751624,0.006180374653029189,0.007325135937398104,0.00042454868096583614,0.00821433095658583,0.007887288250541007,0.008187925557986668,-0.0015460029616979208,0.004775703614721252
2013M02,-0.001857399647871696,0.0015592506814576653,0.0023273586544128094,0.0007201217430596123,0.007167324638103118,0.0002748385097950148,-0.0013282050616744891,0.007721058610800529,0.008022681249648063,0.006870102297869079,0.0031477131675599706
2013M03,-0.0020291834902369343,0.001395926736926283,0.0021580524374113846,0.0005420865866965363,-0.002416373211773755,0.00010565419653979562,-0.0014870857244371326,0.0075382609340786735,0.007841105208526801,0.006692473391095487,0.0020340917064827135
2013M04,-0.002525161039384746,0.000958864449596335,0.0017120974855426114,5.750980782220542e-05,-0.0029130481187908727,-0.000359481343593826,-0.0019403260306914932,-0.0026790487774833284,-0.00182574669404802,0.006261676713993312,-0.00032526635470378213
2013M05,-0.0028797702851925144,0.0006406169291331979,0.0013863379214206924,-0.0002934538549612304,-0.0032674454038750735,-0.0006958625027465288,-0.0022656886504979416,-0.0030218363425111097,-0.0021737692411827594,0.005940809889285356,-0.0006630061541127912
2013M06,-0.0032231278663552936,0.000331498617328893,0.0010698865041545826,-0.0006338120206464396,-0.00361052249429407,-0.0010221714865817578,-0.002581162576438384,-0.003353859448288942,-0.0025109634878223426,-0.0016918425732281976,-0.0017226076832171952
2013M07,-0.0035018460877898395,7.67391363066168e-05,0.0008084537244752517,-0.0009130086554111475,-0.0038885572163166347,-0.0012895764683491784,-0.0028381903077988576,-0.0036233393503955647,-0.002785551850295439,-0.001976572207318651,-0.0019931449282893443
2013M08,-0.0031028877586510312,0.006942875851098854,0.001127187720108672,-0.0005504001050642659,-0.003484688453067409,-0.0009371899832815168,-0.0024790454760962727,-0.003235665951275354,-0.002402925363826437,-0.0015918665808715557,-0.0009714606100926316
2013M09,-0.003064039266556459,0.006922702152763216,0.0011381050758788392,-0.0005285230988319027,-0.0034432272331063212,-0.00091386931693152,-0.002447193715215566,-0.0031971855086888566,-0.002369431391823467,-0.0015627053946426425,-0.000946536769715468
2013M10,-0.003199660540489477,0.0003959691666605707,0.0009996397495971611,-0.0006717892838249704,-0.0035773450089367593,0.007375729555384389,-0.0025741384817095474,-0.003327977898027844,-0.0025051508890009382,-0.0017057817675092863,-0.0008790505397856703
2013M11,-0.0033923042579043212,0.00021173252078002334,0.0008122425247483592,-0.0008690230463261168,-0.0037688535070201177,-0.0010501414382838024,-0.0027531334356807424,-0.0035141628228710213,-0.0026962046127140984,-0.0019051037459973284,-0.0018924951821269165
2013M12,-0.0036477662849607106,-2.6576183610540127e-05,0.000570806164087125,-0.0011257731364174006,-0.004023577197356634,-0.0012987079035571257,-0.002989544514611837,-0.003761394445808303,-0.0029482477545346524,-0.002166411739866854,-0.0021417192996636934
2014M01,-0.003518788029397799,6.559583878372744e-05,0.0006598829411565416,-0.001017839437703677,-0.0038915396135030668,-0.00119281161443468,-0.0028755216099244996,-0.003635522992098993,-0.0028271315446339626,-0.002047786526305252,-0.0020281462588061664
2014M02,-0.0032413142214333095,0.006751081783402775,0.0058086210022682706,-0.0007687645664629129,-0.003610148785104408,-0.000949650567389894,-0.002625822924074246,-0.003365436591559632,-0.002561745094370556,-0.0017823005829503587,-0.0006345480547674269
2014M03,-0.0030939869784252227,0.006829584872873639,0.00589349149741237,0.006023557793375404,-0.003459730752834766,0.007161673922125972,-0.002494651807074244,-0.003221649891007688,-0.002422604009409303,-0.001645289034792255,0.0009570395612243908
2014M04,-0.003263630731131126,0.0002859759525047976,0.005691033042126692,-0.0006428977462912159,-0.003628207243506723,0.006965080714510568,0.008041203293176147,-0.0033856851283336443,-0.0025912314644455895,-0.0018214205678386414,0.0005650220120771265
2014M05,-0.0032975380934585387,0.00023821257671353827,0.0008771997192983668,-0.0006900044012378443,-0.003660157983644499,0.006884714066061817,0.007952762435041606,-0.0034179262551819758,-0.0026280123265161374,-0.0018633186013209237,3.9593113575540864e-05
2014M06,-0.003284094252696077,0.0002319020976329672,0.0008675800216451582,-0.0006917286298514797,-0.0036445020032882347,-0.0008262477477672703,-0.002652863317229104,-0.003404180318067747,0.007408894548847149,-0.001858320466764608,-0.0007853560067539248
2014M07,0.006744686089786936,0.006625387168859905,0.005612322264752806,0.005834621098479907,-0.0034524144580982325,-0.0006621564036581576,0.00790662117855645,-0.0032199619647215847,0.007515725792353788,-0.001679810186931469,0.0031225020579380347
2014M08,-0.0030952188894582933,0.0003789608089353516,0.0010121457777806442,0.005701648502696665,-0.003553812459236915,-0.0007721059376271549,0.007758931476851283,0.0071010813358760635,0.007377147273103506,-0.0017895991038858676,0.002011917878503528
2014M09,-0.0033734945592931056,0.00011827459388578113,0.0007469221455539468,-0.0005256497584400674,-0.003829437299188614,-0.001044888661050132,-0.002481598093888073,-0.0033192479685936727,-0.002618754536723877,0.005628423507121033,-0.001069945063061678
2014M10,-0.003485569435673036,2.732897185841164e-06,0.0006276219172965914,-0.0006491241965116824,-0.003938891814994432,-0.0011622522867939565,-0.002590651168516498,-0.0034284953154138233,-0.002733193906852006,0.005488703180863561,-0.0011869120129409441
2014M11,-0.0037219001204180364,-0.00022149796363032237,0.0003991241224054158,-0.0008919501034871553,-0.004172632086143306,-0.0013958415219771341,-0.002815400041375709,-0.0036585783373617904,-0.0029697683189823113,0.005243180534781065,-0.0014205263836189282
2014M12,-0.003582955188904939,-0.00011724967612028271,0.000500790540922835,-0.0007737842131627004,-0.0040311261775522285,-0.0012781380679991272,-0.0026908084653584356,-0.0035238215077305858,-0.002837353927111532,-0.0020705497326756147,-0.002040499641569261
2015M01,-0.0033202760693535898,0.006480554232950357,0.005471337196036278,-0.0005363655545494011,-0.003765915018516995,-0.0010443317873658825,-0.002450797636742423,-0.0032686837578436837,-0.0025831950221182243,-0.0018164152767187777,-0.0006834088694222341
2015M02,-0.00341828539909689,0.0063379024476277745,0.005332515640693959,-0.0006457145881121871,-0.003861420758658253,0.006845297289116109,-0.002546688417511645,-0.0033642971622470743,-0.0026836521588118477,-0.0019228732626004796,7.278363039946492e-06
2015M03,-0.0036190502292048495,9.576269342329756e-05,0.0007117878465485025,-0.0008538300472536185,-0.0040597099722323535,0.0066154441185811135,-0.0027383993631934487,-0.0035598998406501854,-0.002885144124908585,-0.002131992350454227,-0.0012425031269344355
2015M04,-0.003514840248738979,0.00016986606071999353,0.0007832084327272308,-0.0007683082488477136,-0.003953051882082994,-0.001148129708293769,-0.0026457716656916653,-0.0034588260779728815,-0.0027866529206486998,-0.0020360438026480834,-0.0019358550061477561
2015M05,-0.003470696405863192,0.0060999175911900325,0.0008013955602102433,-0.0007404172724614106,-0.003906486980459451,-0.001118688216042077,-0.002609065650343889,-0.0034161700489957255,-0.002747186354168118,-0.0020000701058832957,-0.0013107467882816884
2015M06,-0.0035638074149829777,0.00019097061587223306,0.000697384307142231,-0.0008445256470286242,-0.003997203535872664,-0.0012191997360922026,-0.00270038787811477,-0.00350708304373727,0.007092613015608448,-0.0021012614792886857,-0.0009952500796494284
2015M07,-0.003817303684685462,-5.363716650049098e-05,0.0004503062140803809,-0.0011029945897839248,-0.004248331520761544,-0.0014717097103639383,-0.0029414758214434487,-0.0037541391167521584,-0.002842698320176214,-0.0023627498032845807,-0.002214473351967138
2015M08,-0.0038472539836619775,-9.865911567459202e-05,0.00040283793781608067,-0.001146058276205812,-0.004275939277150689,-0.0015122068700855892,-0.0029738955314684346,-0.0037836312838400504,-0.002877566386714863,-0.002400605286399145,-0.002251297807338507
2015M09,-0.0038131320113925977,-8.627278716324598e-05,0.00041280157524775803,-0.0011272490618184266,-0.0042395000870786665,-0.0014918093431304188,-0.002946424791985382,-0.0037507421145241996,-0.0028489948504962035,-0.002374303036817671,-0.0022265626509159054
2015M10,-0.003598163754426889,0.005962524753589751,0.005097317190014413,-0.0009339940729788025,-0.004022239528630777,-0.0012996523373785816,-0.0027498550001451125,-0.003541727947515022,-0.0026414418790348974,-0.002167070419500215,-0.0009894302996006133
2015M11,-0.003951556164411142,8.804085019921453e-05,0.0005847158166370944,-0.0012883680438473726,-0.0043733641537262394,-0.001646773616993316,-0.003084518447251793,-0.003886211366650262,-0.00299615670730182,-0.0025281157350188358,-0.0023082307568364473
2015M12,-0.003996284021689716,2.847896415624261e-05,0.0005227774953480023,-0.0013451476607137048,-0.004415848351487178,-0.0017008828074771079,-0.0031306670785230966,-0.003930119045231262,-0.0030454421632254013,-0.0025804150839431137,-0.002359354975278633
2016M01,-0.003888309260639919,0.005572601716604835,0.0005984354397354946,-0.0012545553470533239,-0.004305653673348505,-0.0016098685932851528,-0.0030339264206258494,-0.0038252681954273845,-0.0029435762575712302,-0.002479931692934305,-0.0017170052284545337
2016M02,0.006610523192972662,0.005983425008808875,0.0047057995899542175,0.005419774451837377,-0.0038320284240340933,-0.0011734035318367664,-0.002596896518571577,-0.0033662506985462546,-0.0024819787578110085,-0.0020159155066747,0.0007253048806098733
2016M03,0.00674713419049708,0.0061309024306033565,0.004863003757092624,0.005564943049023034,0.006993426561914031,0.006657638683611165,0.007457932286811842,-0.0031710708496734386,0.006817027325820308,-0.001822696055432805,0.004623824138026719
2016M04,0.006750360199280313,0.006137436651856177,0.0048762428257989225,0.0055740273674955276,0.006995478337061356,0.006661385015304744,0.007457730315901153,-0.003117318489942054,0.006819917309914487,-0.0017745666800534276,0.00463806928526172
2016M05,0.006807814208310583,0.006201178123748853,0.004947799553947413,0.005638340639296062,0.007052030114703407,0.006720683363693483,0.007514803637975434,0.006810842574150929,0.006877038509802951,0.005318370958524303,0.006388890168415343
2016M06,0.00683301217505067,0.006230817365457296,0.004984474362510396,0.0056697049431039944,0.007076180148717876,0.006746920943498535,0.007537841746446547,0.0068370234882577366,0.006901906837012137,0.00535112949120645,0.006416901150126164
2016M07,0.007104662030812116,0.006520418937333595,0.005286345063419608,0.00595222391314077,0.007347965632489299,0.007025582160960765,0.007820908196417906,0.007119358996890557,0.007173230177787984,0.0056338218097137195,0.006698451691896631
2016M08,0.00706723112538327,0.006483846256450816,0.005255294124416951,0.005919613750480925,0.007309204231766115,0.00698762915573822,0.007777865419718784,0.007080388168866061,0.007135475837703585,0.005602891131580609,0.006661943920210532
2016M09,0.00697915476056616,0.00010649071107321721,0.0051696965046943415,0.005835342705834325,0.0072195710298207025,0.006897818272390148,0.007681474825657511,0.00698881049691715,0.007047079075176054,0.005520529580569945,0.005944596796269955
2016M10,0.006689742295348081,-0.00015446475578543496,0.0010016805025632488,-0.0008132472300815283,0.006927671105755332,0.006601871233784924,0.007372920206831103,0.00668811184015492,0.0067573492066186815,0.0052339151617231535,0.004630554956691248
2016M11,0.006562139749450761,-0.00025158900256275646,0.0008991027404163622,-0.0009139116636294793,0.006798360469407985,-0.0009939885904817248,0.007235088220167333,0.00655558567149438,0.006629432209971263,0.0051113740285424975,0.0037631593832776625
2016M12,-0.0034168805608660747,-0.0005573022296132433,0.0005879872047133883,-0.0012378040993113286,-0.0036293005281986907,-0.0013126743220353582,-0.0024131421254387415,0.0062097967674760645,0.006296108420275484,0.004780482571299019,0.0005307271098300519
2017M01,-0.0032424967558088652,-0.0004150231247783123,0.0007249144897617429,-0.001082162947789466,-0.003454718618129629,-0.0011589644672220785,-0.0022555637433387446,0.006323101214545854,-0.0022883467451771397,0.004897818756503528,-0.00019514419414331093
2017M02,-0.0030227311416831967,0.006393861697851256,0.0048675617845898335,-0.000882985514435696,-0.003234992090800885,-0.0009623396357341396,-0.0020555245933404046,-0.00300683583046453,-0.0020757650549632347,0.005056212628130576,0.00010764622491495797
2017M03,-0.003036520988577232,0.006334363996914892,0.004814803117705726,-0.0009067537623455753,-0.003247616727406195,0.006471648965659394,-0.002073054288987228,-0.0030202897790161335,-0.0020942697038723143,0.005006488627110374,0.0008248799457185709
2017M04,0.006229127498924061,0.006434593363533814,0.00492408844939463,0.005545864346301295,-0.003093623027331423,0.0065679025477518825,-0.0019343321299672117,-0.002871282556185184,-0.0019469461095302308,-0.0016681790387753964,0.001818721334411624
2017M05,-0.002882821628908405,-0.00023191836068018975,0.004768662975993643,-0.0007703601241705949,-0.003212899732179759,0.006412054624519074,0.0068809243441454665,-0.0029886983503215965,-0.0020714380438859436,-0.0017960330498002837,0.000410747265471141
2017M06,-0.0028111805967863624,-0.00017951512921921036,0.004799788673820722,0.005394121590263825,-0.003140310496813914,0.006434003568229734,0.006901343059149093,-0.0029190157860383616,0.006404837995320578,-0.0017299652924428965,0.0019154107585483207
2017M07,-0.0029151775800183976,-0.0002855753789014535,0.0009027172184434066,-0.0007122349292732299,-0.0032415947332454917,-0.0009853729623511918,0.006755952081519065,-0.0030188954585715056,0.0062690608058454025,-0.0018394786802889314,9.294003831576731e-05
2017M08,0.0060784317170045656,0.006274074092601427,0.004662561330761478,0.005259269180355661,0.006462700623669734,-0.0007915952849484032,0.006910648603158988,0.006478479309506669,0.006418210430396913,-0.00163251265357364,0.004612026734893338
2017M09,0.0061601828801618585,0.006359637739167911,0.00475640339883238,0.005346785218407026,0.0065434297193254064,0.006295552199638632,0.00699193825235582,0.006561046636406146,0.006497673952464636,0.005106832710797308,0.006061948270755712
2017M10,0.006007281410356388,-0.00010567444329813013,0.004600667270647566,0.005194112208006808,0.006387352904917287,0.006139176426583388,0.00682852312254823,0.006401205666388949,0.006344629097443353,0.004958061739613655,0.005275533540320751
2017M11,0.005989702450997553,-9.542063145012486e-05,0.004588779556061897,0.005179906617976152,0.0063678692234791796,0.00612066130586501,0.006806302208940962,0.0063811995850979915,0.006325688922911693,0.004945193468434661,0.005260988270831497
2017M12,-0.0027027511527968643,-0.00018403261893994112,0.0010787825488331251,-0.000518844375556662,0.0062493398759783415,-0.0006723113208409426,0.006681791076449695,0.006259838568909649,0.006209474811691423,0.004833669598672651,0.002723495701240047
2018M01,0.0058739569291414336,0.006196908865996863,0.004472535145315407,0.005065230856415106,0.006462734606843334,-0.0004133281862875039,0.006900168492364346,0.006478147136804372,0.006419236891399379,0.005052504490381254,0.005250809522837399
2018M02,0.005823125439977872,0.006141103373058585,0.004425247256270039,0.005016954983043767,0.006409008958553681,0.006002178728975272,0.006842641379478696,0.006423106484943384,0.00636665968892575,0.005005373237428327,0.005845539953065538
2018M03,0.0057725936642419465,5.750680768998418e-05,0.004378243885768107,0.0049689622512447875,0.006355610447257789,0.005949666622194946,0.006785487417020028,0.00636841262764349,0.006314393670173281,0.004958508511928049,0.005190938590516241
2018M04,0.005779397428798913,0.006085665268167703,0.004392075132399556,0.004979590902723127,0.00635983029693377,0.005955817171522845,0.006787853849927356,0.006372670537264393,0.00631872073296988,0.004968946585200705,0.005800056790590825
2018M05,0.005658133479017415,9.01155019121122e-05,0.0013189548903881543,-0.00025809182680991524,0.006235433772072298,0.005830995314961202,0.0066574720751717605,0.006245375277861199,0.006196686908386505,0.004851284639168537,0.004282636003212927
2018M06,-0.0024204333153268172,2.737327199791693e-05,0.0012491367405746579,-0.00032400153667534547,0.006145936725223288,-0.0004372387388180168,0.006563165314418884,0.0061537990185574955,0.0061089223290094734,0.0047683081506370295,0.002783496795959857
2018M07,-0.002598179423780149,-0.0001414628091160939,0.0010708671257887454,-0.0005041357066794971,-0.003029662957788867,-0.0006151181205262181,-0.002051736556032469,0.005954949661471079,0.005918049149763613,-0.0015035596336803623,0.0002500010729419781
2018M08,-0.0027472942009469075,-0.0002849280182183844,0.0009186307531391018,-0.0006568486212749688,-0.003176620317285582,-0.0007658575363395196,-0.0021963527384186556,-0.002813249752487217,-0.0020049803788416056,-0.0016589243332956957,-0.0015386425143969437
2018M09,-0.0027815698411184867,-0.0003263075308609396,0.0008708690851365063,-0.0006996098081995344,-0.0032087600066296055,-0.0008077011228446864,-0.002231615037646218,-0.0028465348652820764,-0.002043330718020464,-0.0016988132010063877,-0.0015773373046471893
2018M10,-0.0026904189516596035,0.005954281189404824,0.0009373557551565077,-0.0006222139805323506,-0.0031154943143711627,-0.0007305245456032763,-0.0021473578448762977,-0.0027568385318118846,-0.0019549595152824873,-0.0016125956734910436,-0.0008738766413066776
2018M11,-0.0026698224305493064,0.005933126656913475,0.0009398370066299303,-0.0006122475238613016,-0.0030928038259568666,-0.0007201451092512536,-0.0021302778792490406,-0.0027363191435725584,-0.0019378170558346582,-0.0015972329482077767,-0.0008623702252939355
2018M12,-0.0025432971186326917,0.006014297480232004,0.004269919158793721,-0.0005007283279725613,-0.0029642050758274707,0.005741708450328106,-0.00201218620130657,-0.002611907314995577,-0.001813662807041221,-0.001475368050923799,0.00021045701926539418
2019M01,0.005571586862875949,0.006154100626693264,0.004417911874839203,0.004859206438292397,-0.0027751486233771787,0.005877071780175637,0.006360630728976152,-0.0024281548030746273,-0.0016284114253489928,-0.0012926830718678886,0.0025116110388183916
2019M02,0.005635772857119846,0.006219463743186466,0.004491388022883125,0.004928358479550079,0.005951521479104875,0.005941039205180404,0.0064232724418273445,-0.002320678791839798,-0.0015216946656353269,-0.001188124580999074,0.0034560318190377942
2019M03,0.00553813504212665,-0.00025601141914094667,0.004393169246212372,0.004831268355942508,0.0058520625784862085,0.0058402950615799145,0.006318978679822107,-0.0023884748589937856,0.005752078656227252,-0.001263064019738542,0.0034618437322523734
2019M04,0.005465559105071998,-0.00030349274863325656,0.004321526080519781,0.004759909508860312,0.0057777914507587,0.005765085952224516,0.006240596998636485,0.005782084415891779,0.005679519030366856,-0.0013104973072924023,0.004217808248640478
2019M05,0.005414139802310088,-0.000329944223661789,0.0010389508646380127,0.004710263124757505,0.005724784149531949,-0.000609161451996869,0.006184088130794307,0.005727631658286134,0.00562784349577229,0.004580818207693517,0.0038069413758125142
2019M06,0.0056118763625209,0.0061132074050259215,0.004272298400286193,0.004916401000696412,0.005922029806320986,-0.00036980753226072697,0.006384566689188134,0.005930147968789372,0.005822131708230574,0.004784811484023856,0.004938766329282162
2019M07,0.005761559118007461,0.006271656794981365,0.004437738662832583,0.005073134959257053,0.006071017883503145,0.005711431233275863,0.006535472062282415,0.006083072980640975,0.005969008916431296,0.0049400667859949374,0.005685415939720709
2019M08,0.006008128020830733,0.006534055212865443,0.004706114803531195,0.00532925380734767,0.006317315709332141,0.005964738203507373,0.006786253661457391,0.0063358563456639245,0.006211564444225358,0.005193423510733328,0.005938670371949456
2019M09,0.006046117701478709,0.00657242061690028,0.004752440251208141,0.005371220734913944,0.006354141450032242,0.006003917918809793,0.0068219869637965985,0.0063735737771476045,0.006248214861306491,0.005235433423208338,0.005977946769880215
2019M10,0.005961406063259884,-0.00010637366090234257,0.004668216008985736,0.005287236726115443,0.006267751455459705,0.005917171040212614,0.006731271594306518,0.0062848251321603685,0.006163721869116378,0.005153120704660272,0.005232834693337457
2019M11,0.005861956163938953,-0.00018170871075334105,0.004568319674816966,0.005188123652625881,0.006166574767664197,0.005815319121879159,0.006625419883517045,0.006180922969240522,0.006064673785243569,0.005055859370406429,0.005134546067857938
2019M12,0.0058580101581857036,-0.00015968948010171207,0.004569926998250171,0.005186992177075225,0.0061613212847521585,0.005811472514426966,0.0066180343744601175,0.006175470055463051,0.006059932447806818,0.0050553076329278735,0.005133677816324637
2020M01,0.006056042144279491,0.006479116790887294,0.0047860863547245155,0.005393037998934826,0.006358909055063349,-0.0001822126789535208,0.006818777181707054,0.006378128725562797,0.006254661453618842,0.005259283442355865,0.005360183046818051
2020M02,0.006107073847895858,0.0065326327114223325,0.0048459376122972735,0.005448229335027797,0.006408882627557182,0.0060148266106945375,0.006868060983978123,0.006429311874627587,0.006304239791862547,0.005314339950263654,0.0060273535345626884
2020M03,0.005956553013196938,6.841915650173759e-05,0.004691672726933803,0.00529666456658816,0.006256469200329549,0.0058601796017222615,0.006709752024905917,0.006272885958943149,0.00615476585658803,0.00516525865730959,0.005243262076301913
2020M04,0.006138441651338174,0.006367245565760479,0.004890351326397677,0.005486005205901543,0.006437866057016652,0.006047921205156069,0.006893862976958595,0.006458863859995676,0.006333605811295582,0.005352764775578186,0.006040692843539864
2020M05,0.006221928699396849,0.006457223321236967,0.004984438852516723,0.005574379367238998,0.006520457099442046,0.006134280294842805,0.006976622314424906,0.006543474257534161,0.0064152739805618895,0.00544058712915961,0.006126866531635495
2020M06,0.006276196222136383,0.0065153027535412794,0.005047427926196127,0.005632753026976799,0.006573715279713375,0.0061905288390388166,0.007029301612775226,0.0065979889290068965,0.006468093747816109,0.005498788585809365,0.006183009692301037
2020M07,0.0065610927474131905,0.006824569028702613,0.0053550084499503995,0.005927535360433535,0.006858559860412823,0.006484201495370631,0.007319435143479451,0.006889942344452778,0.006748753078349964,0.0057904572986884955,0.006475955480725387
2020M08,0.006924335751823061,0.007218929294476525,0.005745487326045119,0.006302548303811778,0.007222072438148139,0.006858451190044833,0.007690175453077577,0.007262487245643441,0.007106845319275308,0.006161387759552725,0.006849272008189851
2020M09,0.006782032725167127,0.007062729568370269,0.00559967829099521,0.0061592784825228244,0.007077973331031067,0.00671225595993781,0.007540500205133586,0.007114601488107129,0.006965523816766019,0.006020467609079103,0.006703504147711014
2020M10,0.006675648177179654,0.00028091187294930915,0.005491976020957721,0.0060528293990777466,0.006969953314938492,0.0066030592658224835,0.007427852493329943,0.007003728354291085,0.006859681918987993,0.005915896222862635,0.005928153704039705
2020M11,0.006586407904354356,0.0002139465480282646,0.00540245501452842,0.005963950188819176,0.006879160226685724,0.006511528150680071,0.007332898999650157,0.006910534711810656,0.006770775060810762,0.00582866424038769,0.005840032104575528
2020M12,0.00657598147926984,0.00022994774086846295,0.001261405683955227,0.0059558278755249185,0.006867511306651973,-9.764922946936328e-05,0.007319086309809942,0.0068984673289449565,0.006759741144134189,0.0058211909225743905,0.004759151056226454
2021M01,0.006592036327406612,0.006945735382484317,0.0013026812938202945,0.005974819128139403,0.006882459829570869,-4.884857767516277e-05,0.007332545598713842,0.006913657560156954,0.0067748792957916006,0.005840496601079995,0.005451046243948872
2021M02,0.0065056841370973026,0.000273659748347753,0.0012305004800138998,-0.00033113442140968825,0.006794600536491679,-0.00011718273614132775,0.007240681217406694,0.006823509933106194,0.006688827159035607,0.005756130229945688,0.00408652762838938
2021M03,-0.0023562938757296908,5.194440252264255e-05,0.0009948641070400307,-0.0005737551569288469,0.006558388611812295,-0.0003541845905390029,-0.0018363510669912766,0.0065813952290607195,-0.0015953724914679799,0.005522191584210838,0.001299282675298973
2021M04,-0.0022474555042535844,0.00013567857091522061,0.0010781372360413723,-0.00047820809301552674,-0.0026639012632819537,-0.00026220893630978876,-0.001734958651642482,0.006636204234830186,-0.0014902279131193538,0.00558036046046739,0.00045534201406314796
2021M05,0.006271556054973784,0.006849120913963629,0.005396445538119,0.005888871444186865,-0.0023977857487661666,-2.595683237347236e-05,-0.001485387366420686,-0.00242948089524092,-0.0012297823181695656,0.005766980579116874,0.002260458136938934
2021M06,0.006201570495066594,0.006769278505598977,0.005325126740917042,0.0058184500537570676,-0.0024412328874814375,0.0065011095552570735,0.0069968637734253245,-0.002471759344566278,-0.001278844857993478,-0.0013347779958639192,0.0030085784038116977
2021M07,-0.001983351804998799,0.0003535382862092679,0.0013013714664998344,-0.00023442828502242606,-0.002530581182520614,0.0063874629046154026,0.006882587796498103,-0.002558877415622836,-0.0013737548182455206,-0.0014294203334467219,0.000481454661396569
2021M08,-0.002083352548281948,0.00025753395137896075,0.0011971079259180388,-0.000337864423200748,-0.0026270236835938317,0.006267909751695276,-0.0015310268308019865,-0.002652945457447365,-0.0014757060162914704,-0.001531106457610769,-0.00045164737882358427
2021M09,-0.0021245930787895727,0.00021224404486758789,0.0011458159804426434,-0.00038519208987276344,-0.002665296668147288,-7.688912598583594e-05,-0.0015729062673023007,-0.0026902124850720116,-0.0015194354826804858,-0.0015745733626665107,-0.0011251038535206536
2021M10,-0.00210011766058726,0.00022377902716728173,0.0011538392798557452,-0.00036973555881109006,-0.0026385016614876534,-6.314630878726166e-05,-0.0015520510354341314,-0.0026639200554463647,0.006456735317007916,-0.0015529232772591459,-0.00031060419337819635
2021M11,-0.0019667975709727814,0.006648042396658674,0.005213564912682499,0.005709407638354533,-0.0025039057792831635,5.231195473865124e-05,-0.0014272434685404557,-0.002532294636622907,-0.001498045481612678,-0.0014234240071871857,0.0006271615958215185
2021M12,-0.0020841905830313906,0.00032954395430212415,0.0012601494592070761,-0.00025027783570304494,-0.0026176918089472444,-6.621856544696675e-05,-0.0015417789309677451,-0.0026433531822428803,-0.001617088066804152,-0.0015422590170947072,-0.0010773164576728931
2022M01,-0.001995649335699217,0.006503011407377048,0.005078826757051908,-0.0001735869666290733,-0.0025274928000743827,0.006198642269343974,-0.0014596404824041257,-0.002555087508238503,-0.001531143285656852,0.005698719582368226,0.0013236599637439007
2022M02,0.006094024837406211,0.006567899561041909,0.005147773352451801,0.005578103107041016,-0.0024159902266591158,0.006261074874174385,-0.00135688734160043,-0.0024459827545468197,-0.0014237562794090315,-0.0014570620212072042,0.002054919710869272
2022M03,0.006270849936611877,0.0067593867952642625,0.00533959273487846,0.005761261026831413,0.006611983937354111,0.006442950786160927,0.006762482151945907,0.006821571870484689,0.006533195027676113,-0.0012133514325217546,0.005608992283468601
2022M04,0.006204923410513539,0.006685174284410297,0.005273427035793636,0.0056957906197458354,0.006543927318057996,0.00637420364289187,0.006692446575750298,0.006751298029294966,0.006466504227005919,-0.0012566370975542018,0.005543105804591017
2022M05,-0.0018855899319921128,0.00039666865285076453,0.0013261705044815954,-7.614010553376265e-05,0.006296480233162398,0.0061224693622159085,0.006439434211006639,0.006498049313332237,0.006223193620523633,-0.0015091645982325049,0.0029831571261814795
2022M06,-0.0019131642894806447,0.00036329163884718437,0.001287440643055707,-0.0001106844657413333,0.006241144715416545,7.646845360778745e-06,0.00638242016699448,0.006440800808910787,0.0061689956652628075,0.005761400781875166,0.0030629292510501475
2022M07,-0.0022182461225594406,8.728300778100258e-05,0.0009958867153023088,-0.0004115740469358107,-0.002168983704255845,-0.0002885037532412355,-0.001123370397260644,0.006144977537821519,0.005884457834879114,0.005471746289684727,0.0012373673361215697
2022M08,-0.002112727495726473,0.0001703153178310663,0.0010785901152388258,-0.00031825161354143193,-0.0020641750822170783,-0.00019733940692195413,-0.001026898422493147,0.006202653404338872,0.005941143038194507,0.005531383739137695,0.0013204693593840881
2022M09,-0.002319666103217753,-2.002869520772543e-05,0.0008764816045942025,-0.000524890786736515,-0.002270390465078305,-0.0004009238420817085,-0.0012304158035783073,-0.002204404340630626,-0.001180199883972643,0.005325302771684707,-0.00039491355442246745
2022M10,-0.0023277731575099304,-3.632902439970742e-05,0.0008557666354367216,-0.0005405496472911936,-0.002278684649297061,-0.0004168470625606689,-0.0012429802561643847,-0.0022128828457991054,-0.0011936326540612622,-0.0015379541516288438,-0.0010931866813275438
2022M11,-0.002122824817085929,0.006417119788538658,0.005018959848681169,-0.0003514605146140767,-0.002074885796875945,-0.00023153500763221712,-0.0010508237409157682,-0.0020121072003456792,-0.000992006533007,-0.0013365958975952142,0.0001263840129147998
2022M12,0.005961683894342563,0.0066043385772565424,0.0052065392481761355,0.005448765030641572,-0.0018376081404667816,0.006066723177598925,-0.0008262516641032718,-0.0017782722620065447,-0.0007564231519158309,-0.001101585264909447,0.002298790944461386
2023M01,0.006123619359868377,0.006777911131782883,0.005380860947978692,0.005616591494805696,0.0059518791492059395,0.006232756288445147,0.006086829488104081,-0.001559160287395896,-0.0005359801648616674,-0.0008815734664188727,0.003919373394151438
