,sup12_buy.csv,sup12_sell.csv,sup3_buy.csv,sup3_sell.csv,sup6_buy.csv,sup6_sell.csv,sup9_buy.csv,sup9_sell.csv,average
1991M01,0.00025941279794433874,0.0017945794524591423,-0.052895900650154384,-0.023607373397346004,-0.00988947513887226,-0.0006440746187593481,-0.0035148795893138927,-7.736806846095692e-05,-0.011071884901562919
1991M02,-0.00299143659624958,-0.003739056052453277,-0.08267728217892138,-0.03148568432713077,-0.02319993810494473,-0.005586464169939328,-0.009970348673878068,-0.005281216845118951,-0.020616428368579513
1991M03,-0.002952625663962616,-0.0037409274980922677,-0.050526603589636926,-0.009951949622142523,-0.021645671978629252,-0.005090326664837824,-0.009556307804464051,-0.005249608800347663,-0.013589252702764142
1991M04,-0.0030712438851899096,-0.0038072506336407656,-0.025912379255409547,-0.010339267648198439,-0.020699126718295466,-0.0051079285969270185,-0.009415064736886698,-0.0053384994395905445,-0.010461345114267299
1991M05,-0.002972078732955248,-0.003784075126477089,0.0015752131737069746,-0.009646147749934598,-0.017196282307052738,-0.005046585374076262,-0.008972684042321563,-0.005367225963598483,-0.006426233265338626
1991M06,-0.00523989043602509,-0.004665023001839172,-0.0069641579774598495,-0.016443610371273364,-0.0158475441336576,-0.005796495048415776,-0.011963860462254793,-0.0061517522957622505,-0.009134041715835987
1991M07,-0.0027797608553163725,-0.004391769217304437,0.0016347342938874312,-0.003836110680576576,-0.007572287303557488,-0.004884835409642478,-0.00819906689309365,-0.005231331979806911,-0.00440755350567631
1991M08,-0.002035064534687959,-0.004205198207522945,0.004735647095458553,-0.0015296405850721449,-0.0011865402692882744,-0.004652797196882281,-0.006573578067680893,-0.004997365309783073,-0.0025555671344323766
1991M09,-0.0007265721321954074,-0.003431272934194332,0.010612276787391005,0.004260018941115351,0.0008609688454822951,-0.0041674061435027325,-0.004705160455775358,-0.004557127594373365,-0.0002317843357565679
1991M10,0.00032398733288347293,-0.0024417860300012875,0.014673006492418183,0.0073150583177787245,0.0026268540180603966,-0.003408269318653369,-0.003966674113682877,-0.003974785629594644,0.001393423883651075
1991M11,-0.0007193124129040154,-0.002906446093264539,-0.0016831914318389003,0.0006497478673150869,-0.0014273271275158077,-0.003798521216429606,-0.0043265735875181515,-0.004236393863844737,-0.002306002233250084
1991M12,-0.0028096986921132055,-0.004330062594768177,-0.01938236535832214,-0.01815750466939131,-0.005998991134101639,-0.004659373626564307,-0.005131318456686223,-0.0048980918701639654,-0.008170925800263872
1992M01,-0.004004790679111006,-0.005103884381180609,-0.027381868052846224,-0.015421430061485797,-0.007975789388243582,-0.004959845241948497,-0.0053210807902465875,-0.0052589078306448855,-0.009428449553213397
1992M02,-0.004318939294936388,-0.005108074655728377,-0.022978224487115197,-0.010542529642064905,-0.008227011692539006,-0.0050487577864805466,-0.005311587960808612,-0.0053043358901998655,-0.008354932676234113
1992M03,-0.004344488429902111,-0.005319484692032328,-0.008716291969888747,-0.011627067308670065,-0.008863178235532185,-0.005167197347743605,-0.00535106096169387,-0.005432536636633112,-0.006852663197762002
1992M04,-0.004066182269745685,-0.004026165252633421,0.009649057598339205,-0.0012712868583067034,-0.005922327879869638,-0.004610699079969147,-0.00498526184184152,-0.004838366785289222,-0.002508904046164516
1992M05,-0.0038482869345996635,-0.003443208608135855,0.010634963866469425,0.004433178973480684,-0.00309459076661207,-0.004337294435639095,-0.004776945323775749,-0.004601913017643004,-0.0011292620308069158
1992M06,-0.003527086746744305,-0.0028931728257691625,0.011535888168171178,0.010603811852058997,0.0009056638012991183,-0.0039976846866668445,-0.004513918770724026,-0.0043685506579342745,0.00046811876671133516
1992M07,-0.0036629339004641817,-0.003134537902400381,-0.00030562205761536145,-0.000539990296680181,-0.0016125346467243768,-0.004142032879954455,-0.004603191941462192,-0.004440559618841976,-0.0028051754055178884
1992M08,-0.003673862298449621,-0.003198116711496822,-0.0017419761028575394,-0.006882126649418225,-0.001939587609587679,-0.004156159664972835,-0.004766383407006094,-0.004433970635161189,-0.003849022884868751
1992M09,-0.003407523520789631,-0.002787894954571588,0.004352325439986578,-0.003944106675545269,-0.0004587513146818387,-0.003878526220522007,-0.0045735589378680976,-0.004252449951894772,-0.0023688107669858284
1992M10,-0.003337579348834062,-0.002723346699319397,0.004359175114920155,-0.0034661696921605084,-0.0004095229918145149,-0.003647085111010638,-0.004464326114706428,-0.004193409286160312,-0.0022352830161357132
1992M11,-0.0038455542734559664,-0.0032642213890119935,-0.005381028062284103,-0.010282479011946042,-0.0027173703725989332,-0.003790692678963378,-0.004806169897397678,-0.004373326382973586,-0.00480760525857896
1992M12,-0.0040955178086927195,-0.0036967424627937823,-0.013019671155129633,-0.014350781511141934,-0.004414435095724673,-0.004151539071875755,-0.004922950788504771,-0.004452696765130117,-0.006638041832374174
1993M01,-0.0041632752264253,-0.004171905358296175,-0.020327889592512804,-0.014439514640790657,-0.005989848561766744,-0.0046904655092577414,-0.0049582479457364725,-0.0042249654057818775,-0.007870764030070972
1993M02,-0.004085885834388516,-0.0037860319646207704,-0.006990126993656814,-0.005608484444609829,-0.004957182363717068,-0.004366872404723278,-0.004883032901616753,-0.00424335880987926,-0.004865121964651536
1993M03,-0.003957270696995412,-0.003366949661201907,0.006415726041983488,-0.0008559876152438393,-0.0035753942386443772,-0.004075020636075146,-0.004785538609037083,-0.004127004174594355,-0.002290929948726079
1993M04,-0.0039061116056803183,-0.003312183721034877,0.0037333714553914464,-0.00045054577669659604,-0.0034340649521788016,-0.004024309194623704,-0.004736286906171778,-0.004090827923069545,-0.002527619828008022
1993M05,-0.003920457608102211,-0.0034250606040362942,0.0006924650932366924,-0.005522500276004716,-0.0024419638245655752,-0.004083213502411756,-0.004727285931674549,-0.0040644109320208946,-0.003436553448197413
1993M06,-0.003981461128154714,-0.003883015172121217,-0.006812399651230598,-0.014258429337846015,-0.003455115439415587,-0.004341240972312924,-0.0047446777075794,-0.004096301786130815,-0.005696580149348909
1993M07,-0.00397382159450148,-0.004293955310169526,-0.012066217352261474,-0.01287529507692987,-0.0045628760506612,-0.0045753827914815455,-0.004730637934208109,-0.00419538368474876,-0.006409196224370245
1993M08,-0.003939265967822671,-0.004092151763566796,-0.008608159855374059,-0.00810011174040207,-0.004318347535499427,-0.004500032402593389,-0.005085112367798456,-0.004285447114051743,-0.005366078593388576
1993M09,-0.003921066289488597,-0.004490124218085398,-0.006536305182481518,-0.012021125089527476,-0.005362623896272201,-0.004725855820775713,-0.005231795966342757,-0.004382850643430467,-0.005833968388300517
1993M10,-0.003884565681660618,-0.004181151311633252,-0.0002938188651120848,-0.007277274338211745,-0.004880592158789388,-0.004584211111998896,-0.005186071104546915,-0.004421550686308427,-0.004338654407282666
1993M11,-0.004284051963689027,-0.004892955847326319,-0.008910036121000081,-0.01394440925944894,-0.006258440582144922,-0.0049926801559633345,-0.005153757113420029,-0.004619771004228127,-0.006632012755902597
1993M12,-0.004455443427134737,-0.006084268893474606,-0.017679737770409026,-0.018385779717790717,-0.007513565934877845,-0.005864939560552528,-0.005141187043463672,-0.005458662068075246,-0.008822948051972297
1994M01,-0.00439447401882849,-0.005014757484857117,-0.012749524738258545,-0.00580176259586019,-0.0057012854939209314,-0.005294625695676668,-0.005046441765334736,-0.005319290643916345,-0.006165270304581628
1994M02,-0.004360408406056828,-0.004996839847995783,-0.004866471794543715,-0.006024359520693381,-0.00573137471063803,-0.005271326635125507,-0.005129937272321488,-0.0052828164292622335,-0.005207941827079621
1994M03,-0.004333375046776243,-0.0053412245435875355,-0.002562905879415636,-0.009352444143086398,-0.006112842758872354,-0.005466590996042695,-0.005458499029780586,-0.005370776133480532,-0.005499832316380247
1994M04,-0.004295614239169672,-0.004586356819332697,0.005294333569966959,-0.0031778248534173993,-0.00441129628578887,-0.005005873588231122,-0.005673517621554358,-0.005090841216522922,-0.00336837388175626
1994M05,-0.004436753145488704,-0.0040399158157143926,0.00983177327768816,0.002672176317838197,-0.0013629864769874097,-0.004663552312509834,-0.0056301775590350146,-0.0049676397076930745,-0.001574634427737759
1994M06,-0.004778700267102505,-0.0037321476335260345,0.007241308428002369,0.006296351076207416,-0.0008744370065470598,-0.004427294437742183,-0.005648981901024043,-0.004894894482065383,-0.0013523495279746777
1994M07,-0.004751624915218455,-0.003296262346803529,0.009567765925699355,0.005757818189774581,-2.436967335825999e-06,-0.004026030326149053,-0.005333779347960583,-0.004769551493497677,-0.0008567626601863984
1994M08,-0.004817768276250847,-0.003773414245027289,-0.005228220080435395,-0.006301509663125197,-0.003156654521683193,-0.004462353185852486,-0.005317982312248825,-0.00484997247138154,-0.004738484344500596
1994M09,-0.004785155953666252,-0.004200201774646989,-0.013408903852031943,-0.01489189034386183,-0.004885277258126467,-0.004730027759941755,-0.005295309640173533,-0.004832341890448261,-0.007128638559112128
1994M10,-0.004781973663552546,-0.003929423468810002,-0.009023514429494728,-0.005443468672681282,-0.003962146199527757,-0.004469762667315058,-0.00527734315683948,-0.004795837271443804,-0.0052104336912080825
1994M11,-0.004723995231564328,-0.0035666980831668325,0.005180651482540981,-0.0004238837191744499,-0.002556442418619697,-0.004209228977346364,-0.0052204111792290625,-0.004771599417950097,-0.0025364509430637313
1994M12,-0.004722758171453662,-0.0038825915146229882,-0.0040768282314749054,-0.005659663769182403,-0.003996668788811035,-0.004372818624333137,-0.005213339739400244,-0.004725915080063583,-0.0045813229899177455
1995M01,-0.004691804151279042,-0.0036735739743989195,-0.0003742468915782183,-0.005568030434975738,-0.003190910397472984,-0.0042309064712369145,-0.005180843289866401,-0.004331488427246098,-0.003905225504756789
1995M02,-0.004616896236084476,-0.0034560692452356304,0.003604861282256043,-0.0024672281283847405,-0.0013905110497555212,-0.004103902672716525,-0.005114226964776854,-0.004205761388576274,-0.0027187168004092475
1995M03,-0.004576827926226185,-0.003461480314279726,0.002077844505286462,-0.002919562616425911,-0.0016741305363528174,-0.004091049576325903,-0.005074623230909273,-0.004172654115467233,-0.0029865604763375728
1995M04,-0.004211157814836649,-0.002879830416772331,0.013929064741008825,0.0034553438100535586,0.0011481043069889235,-0.0037153678458613977,-0.004765004520089092,-0.004266326093575252,-0.0001631467291354268
1995M05,-0.003949638719307328,-0.0029402782568056294,0.0018467573791752232,1.59718063834002e-05,-0.0011867124782787633,-0.0037228434564553006,-0.0045257114601041926,-0.004226551646730273,-0.0023361258540153577
1995M06,-0.00407202797012817,-0.0032368142903960685,-0.004537272007630837,-0.004903437159266523,-0.002635361724401217,-0.0038451437959196475,-0.004621148220343098,-0.004122505883426209,-0.003996713881438971
1995M07,-0.004045374523652085,-0.003809602212236913,-0.016281184570070304,-0.016953501735098547,-0.005132107415987391,-0.0039494332266551135,-0.004596139183249525,-0.0036714270871264078,-0.0073048462442595365
1995M08,-0.004050843512756745,-0.0036209205433350806,-0.01241132295042807,-0.00623579133679673,-0.00456488292783455,-0.0039462768060902894,-0.004588060714368713,-0.0036878266841326624,-0.0053882406844678555
1995M09,-0.004072274614646349,-0.00330536375294108,-0.0007415962856579857,-0.0019001002531227346,-0.003360634992933422,-0.003835149766683253,-0.004597699173536977,-0.0037493301334434056,-0.0031952686216206506
1995M10,-0.004021774629345902,-0.0034401466705601762,-0.0009171585608529608,-0.004617348096645322,-0.004084324814708331,-0.00384469847149251,-0.00454760485719681,-0.0036393305410904967,-0.0036390483302365636
1995M11,-0.004032301072180982,-0.0030844489847509627,0.006114976997619026,-0.001008118749305337,-0.0023926654611669098,-0.003763888358559871,-0.004557352663026665,-0.0037917294863020223,-0.0020644409722092158
1995M12,-0.0037962240538522087,-0.002676997139606208,0.015146183808335543,0.006893105350460501,0.0013942692815036633,-0.0036664093994102772,-0.004381783852276972,-0.004193400866552654,0.0005898428910751732
1996M01,-0.003485193246902524,-0.0026008702256972204,0.004911551249847774,0.00813224330409521,-0.00032550949844119693,-0.0035912924849192045,-0.004093556311697502,-0.004202251449573799,-0.0006568598329110579
1996M02,-0.0027910810306002584,-0.0020958261129627527,0.014568387420232502,0.01180021662465625,0.0021113460216145284,-0.003008156498623729,-0.003492565850668896,-0.004284596411505178,0.0016009655202678086
1996M03,-0.0024462986571013997,-0.0020039597791228457,0.004715857101870387,0.0033347158202835696,0.0002545253385571285,-0.002862016165320988,-0.003164481561059628,-0.004205685475605524,-0.0007971679221874127
1996M04,-0.0022840393361984726,-0.0018269677620611885,0.005806697374904151,0.003707816968712698,0.000572464081258799,-0.0026628449302410055,-0.003015408956972835,-0.004084300102826286,-0.0004733228329280174
1996M05,-0.002722416789441709,-0.0025442358238122794,-0.008375201274483757,-0.013859083317937733,-0.002668489311721729,-0.0031166331232448156,-0.0033753270566253164,-0.00400471978523257,-0.0050832633103124894
1996M06,-0.0027485173327987784,-0.002620155694986434,-0.011663788298898553,-0.009737195741507523,-0.00337942367681361,-0.0026977055615908098,-0.00339323261009623,-0.0037003438642690444,-0.004992545347620124
1996M07,-0.002620806712881495,-0.0023762142142826825,-0.0035889030357139132,-0.001044681389437297,-0.0016226756997290478,-0.0026121962373731335,-0.003279980093009346,-0.003963564395052254,-0.0026386277221848962
1996M08,-0.002535043084847983,-0.0022137848937106262,0.00587456144511967,0.000856583352122478,-0.0010658107841510338,-0.002606565607976652,-0.003205162858556689,-0.0034531514871222555,-0.0010435467398903866
1996M09,-0.002116116187909643,-0.0016461467570814102,0.013473012336129773,0.008538679788254858,0.0012229155082782938,-0.0026457221589602353,-0.002856039805316023,-0.0028278926638262156,0.0013928362574461748
1996M10,-0.0011070202743826162,-0.0004604544817621689,0.01634301239993797,0.012336968482710958,0.0034156446242445014,-0.0024629283423969715,-0.0019541700692386876,-0.003017188020186712,0.002886733039865784
1996M11,-0.001398672546287886,-0.001061111872640442,0.00026947952694939903,0.007015182142690503,-8.648007367099129e-05,-0.0025934773006336944,-0.00218510871434459,-0.0029836463826259834,-0.0003779794025704606
1996M12,-0.0006995907606971756,-0.00021391129889156537,0.011423140437169601,0.008471381931206494,0.002636134316607644,-0.002086900963406073,-0.0015781673622577948,-0.002944810986914057,0.0018759094141021344
1997M01,-0.0010986871429006966,-0.0007173834664740625,-0.0008934445020888221,-0.0019205616388126012,-0.0001506477595233128,-0.002173441650746812,-0.0019022278039510909,-0.00304139296207476,-0.0014872233658215198
1997M02,-0.0017655385127286888,-0.0018354385918739936,-0.022011241727772152,-0.018606060764078114,-0.004890712998113134,-0.0018719145373066867,-0.002459628582686826,-0.00242289278898813,-0.0069829285629434655
1997M03,-0.0020002633819090855,-0.002316240389971719,-0.03485707749299422,-0.016932752834059046,-0.007828425859901424,-0.001630054497808861,-0.0027729607580433344,-0.0017330897293373288,-0.008758858118003126
1997M04,-0.002397389661179963,-0.0030184189243146137,-0.04042117790478693,-0.01578188970609979,-0.010690500680636658,-0.002551851105903192,-0.0033358714526356115,-0.0013996890793504537,-0.009949598564363402
1997M05,-0.0018125169958825825,-0.0021392991787163936,-0.005841548747515692,0.0021852505536079474,-0.006769742153493887,-0.0028391834847819285,-0.0024938159477722733,-0.0026929546633602582,-0.0028004763272393837
1997M06,-0.002088748672216407,-0.002457558586295092,-0.006778690840081746,-0.0062800061039623555,-0.009513857211373822,-0.002601344341761266,-0.0029064805239994874,-0.0019601764074697937,-0.004323357835894996
1997M07,-0.0018553300806349246,-0.002224474961881157,-0.0018326034635998386,-0.002168693905314066,-0.006907226610031098,-0.0026761473341695282,-0.0025615979817943447,-0.002255373132910966,-0.0028101809337919906
1997M08,-0.0017312695728234752,-0.0020880667770898083,0.002455188531155872,0.0002094508070995746,-0.00227156857456567,-0.0027799357100816006,-0.002369645802808092,-0.002567788373535008,-0.001392954434081026
1997M09,-0.001699064422027767,-0.0020481929445375314,0.004569964825379527,0.001266446637000698,-0.0003489951136766886,-0.002802403420976632,-0.002317772142142973,-0.002656619064452241,-0.000754579455679201
1997M10,-0.001633415199340776,-0.001890189033629659,0.012449493007932183,0.004883894362559449,0.001709923983475085,-0.003040033926602445,-0.0024266454953005656,-0.003395560018607707,0.0008321834600606954
1997M11,-0.001614211708251036,-0.0019565747536563647,-0.0019978562433084135,-0.0032377402666558075,-0.00126260829495372,-0.0027827625134001993,-0.0032760099211243017,-0.0029088342035500743,-0.0023795747381124897
1997M12,-0.0018098894369234547,-0.0021934681626047973,-0.019448945875920342,-0.01886501009027368,-0.004853292968267214,-0.0020699973824687963,-0.0030802151749203667,-0.001294551744120621,-0.006701921354437409
1998M01,-0.002885928733456909,-0.003151034822283327,-0.034870852720975974,-0.020369107127027865,-0.008049720129504822,-0.0023022890160776795,-0.0028588488388592154,-0.0008930837042832923,-0.009422608136558635
1998M02,-0.0034713514740519094,-0.0036806338899802154,-0.03522742265619803,-0.013207931778324444,-0.009527123671835737,-0.003237355405331503,-0.002933015527571678,-0.0023485291849710873,-0.009204170448533075
1998M03,-0.0040423907686162296,-0.004306309363091059,-0.025936697722398504,-0.015285439988812852,-0.01184037392764268,-0.00364668157871976,-0.003264783728366599,-0.002737803071707179,-0.008882560018669357
1998M04,-0.0036668111963300385,-0.003760246581597906,-0.0073699429703704186,-0.0053903075886878584,-0.010375959132992007,-0.0037882643618872888,-0.0029776501005614434,-0.0033946156980222473,-0.005090474703806152
1998M05,-0.0033096777891556003,-0.0034602589077832634,0.0027413689203360935,-0.0015534532910528266,-0.007935831733662234,-0.003764807854846025,-0.002755182532120968,-0.0035615054025089085,-0.0029499185738492166
1998M06,-0.004746322827225595,-0.004632475416758628,-0.015257818023680394,-0.01710480891593647,-0.009412887962980204,-0.0037449635182047617,-0.0036917422058889765,-0.0028033143552821187,-0.007674291653244644
1998M07,-0.004788443867097371,-0.004432331990851855,-0.016034969466221856,-0.009406023179614387,-0.006627076487660441,-0.00410465294167637,-0.003726247769124921,-0.0035794887071415836,-0.006587404301173598
1998M08,-0.005643262367026612,-0.004914839279358838,-0.022042831091861514,-0.013862013028240652,-0.00691073953323143,-0.004211192458688611,-0.004571711695547178,-0.0035090895141814235,-0.008208209871017032
1998M09,-0.0035001882133279473,-0.0037036195193997285,0.008602427293933151,0.003056520088054373,-0.0035622432443347778,-0.004390239528768116,-0.003808216639771841,-0.004459705552153531,-0.0014706581644710521
1998M10,-0.0042586331483425045,-0.004044301933368174,-0.005750147295870998,-0.003910499722102422,-0.005411774193993402,-0.004202632815568931,-0.004418289809034753,-0.003917040054504097,-0.00448916487159816
1998M11,-0.005901741576673563,-0.004769583309463724,-0.017312650572121155,-0.014128077367348417,-0.008261516008263536,-0.0039937535955999,-0.004615332940002312,-0.0032723141204844776,-0.007781871186244635
1998M12,-0.007857736616541456,-0.006217503718994097,-0.032064415296710544,-0.021663860888024765,-0.009999430578176689,-0.00468159564719547,-0.004860274334991785,-0.0037807617307284752,-0.01139069735142041
1999M01,-0.004974645079618681,-0.0044595979975577136,-0.011183436297843852,0.001373030176671371,-0.006484106105263843,-0.005098035100913227,-0.004398142583668324,-0.005122416375170885,-0.005043418670420644
1999M02,-0.005534125008518946,-0.004859936421200814,-0.008798428236945677,-0.005999918247158306,-0.008621784452230594,-0.004801759694631151,-0.004415095874856583,-0.004503600993202113,-0.005941831116093024
1999M03,-0.003940489950880857,-0.004081636106933575,0.011155703920774373,0.010172839918470756,-0.003937083100336039,-0.005596009710470183,-0.005251843457688854,-0.006012153618913776,-0.0009363340132472694
1999M04,-0.0024119063501476844,-0.0027546081525445616,0.025663881468264454,0.029950364195703377,0.0026447081061209124,-0.005088812931971396,-0.005702412492671087,-0.007004046032802951,0.004412145976243884
1999M05,-0.002471333364273607,-0.002722274128478391,0.0024302713981231385,0.028559520170342856,-0.0011674601180122987,-0.004968985973063416,-0.00482990807701482,-0.0068556438026488725,0.0009967732631218237
1999M06,-0.0019691966033830387,-0.0019335890837785324,0.007048260398151562,0.01624882940162013,-5.376455877677917e-05,-0.003988526403516763,-0.004755076620843492,-0.006283776108778864,0.0005391450525867778
1999M07,0.0007521569007873218,0.00314116217560587,0.02331972308631748,0.015200819955246811,0.004598369227467102,0.0020946792669200793,-0.0035307933084372466,-0.0020376011545893634,0.005442314518664758
1999M08,0.0012953615555436246,0.00757692581271996,0.014298723539311022,0.0254768076137135,0.003441037006430012,0.007355624589919837,-0.00214876868820684,0.0025315993909041973,0.0074784138525419135
1999M09,0.002233010570378542,0.012925258575802434,0.014671167940414245,0.03160855171678083,0.004155638619499314,0.009741223391277315,-0.0012320971205665341,0.008226569333694058,0.010291165378410025
1999M10,0.0010162726001269914,0.011741376203348836,0.0038549190044135178,0.011112071739555685,0.001361453029171203,0.004491370785493484,-0.0015470691776630586,0.006827798790287031,0.004857274121841712
1999M11,0.0029530884018669117,0.01797052715359492,0.015028591305006,0.01200489882936443,0.004697250930551735,0.008148802302156486,-0.000529906532811911,0.013073650153104549,0.009168362817854141
1999M12,0.0027176069651576366,0.020375937624857392,0.009989241371483899,0.007883998709181031,0.0036190262645641015,0.00896474960239552,-0.0003470249224475083,0.011899021497374956,0.008137819639070879
2000M01,0.0022453702629838136,0.01877873707563764,0.0058934904765452194,0.00879265278863936,0.0025457623402080284,0.004433421087927188,-0.00047659075318370664,0.007295482746984646,0.006188540753217773
2000M02,0.0044470595037748965,0.025862120203991527,0.01706265128376321,0.010017735397344085,0.0060919238677976115,0.005614431166221033,0.0008365416233077396,0.011581632591737577,0.01018926195474221
2000M03,0.0027527803039691765,0.01893260187655084,0.0051256525302099155,0.00508126946106972,0.0027358704597530517,0.0031407630632025447,9.675416875765404e-05,0.010132566870453238,0.0059997823417457675
2000M04,-0.0008410127843810962,0.004301142224529166,-0.01580380687770604,-0.015517862121730525,-0.00352676648137619,-0.0024328518771834524,-0.001797643991592472,-7.904386670497254e-06,-0.004453338287013888
2000M05,0.0028252547620554584,0.011015840523124456,0.008272060408462425,0.014858615390728643,0.0033154442388507693,0.00179171122738323,-9.206721727006615e-05,0.0031287217399046992,0.005639447634154952
2000M06,0.0048618361440314365,0.014814744809718368,0.01738982842717872,0.027013260185334773,0.0063320825832173825,0.00514208010647375,0.0011510145812055595,0.004501569473275388,0.010150802038804422
2000M07,0.0021077271533089205,0.007970034825639861,0.00022296727935350834,0.02113128419989995,0.0013908143463178847,0.0035859252110551974,-8.400229993130406e-05,0.003187732205352636,0.004939060365124583
2000M08,0.0030789581372321823,0.007408382498159019,0.005614859558214888,0.005392702519289022,0.003007410037651901,0.005121464527046497,0.0004186916171510184,0.003103620657679167,0.004143261194052962
2000M09,0.005898992899246265,0.009612706500832346,0.01930106851169086,0.01203310186739168,0.007368421146590875,0.00972127303252373,0.0020358930135126073,0.006613185033384848,0.009073080250646652
2000M10,0.00265045405101573,0.007758378706093722,0.0002967839993540996,0.006882702571975466,0.0017648701575363364,0.0074970932517718705,0.00047887003927517795,0.005006474261621173,0.0040419533798304475
2000M11,0.004067578051844006,0.00825292097946338,0.007700819011901052,0.009066842222962126,0.004039188755751848,0.0043422336410060165,0.0012392513166014384,0.007033058581807693,0.005717736570167196
2000M12,0.0018024929198700952,0.005156946612348799,-0.0043073726701791624,-0.008100981111834785,0.00038628098685605274,-0.00030221687658559763,8.500034082968989e-05,0.004099605881059476,-0.0001475304897044289
2001M01,0.0016170322992396975,0.0048360443251005405,-0.0052962351439344,-0.006767336817742416,8.68367604064447e-05,-0.0005788685705249022,-1.1149710831174315e-06,0.0038094793740343753,-0.0002867703430629722
2001M02,0.0007964258300189458,0.0035069640035566866,-0.010077316146682657,-0.010392029831548733,-0.001320295297900757,-0.003174579300170675,-0.000393630913003832,-0.0010620040826016743,-0.002764558217291587
2001M03,-0.0013326777457551816,0.00019543457874108237,-0.013934959531764001,-0.0188017435136335,-0.005242783862380883,-0.007142834192448382,-0.0014301275472932058,-0.0048822349591558355,-0.0065714908467112395
2001M04,-0.0005589724393231963,0.0013249982168801753,-0.007963798480861914,-0.0018187300812666802,-0.00371282916332601,-0.0023123292998564566,-0.0010192711921826602,-0.0025298922855301843,-0.002323853090683366
2001M05,0.00034988503557184265,-0.0018341176268896631,0.0024723370153636706,0.0036396703169336176,-0.001987346347356261,-0.000709498944236199,-0.0005797208801289155,-0.0013861804826203004,-4.371489170275984e-06
2001M06,-0.00041807641613187015,-0.003039450515526787,0.0001250429327864233,-0.0010229315682081502,-0.0009246036113722028,-0.0020449285037517024,-0.0009316155029571234,-0.0023191644642448577,-0.0013219659561757838
2001M07,-0.0030579629373733686,-0.007413379446912769,-0.01630288597376131,-0.020976401618904402,-0.005431778000242984,-0.0067581550653237205,-0.002296471411229625,-0.005751045007853177,-0.00849850993270017
2001M08,-0.0023261711318269093,-0.0037994585511138177,-0.01205456957022487,-0.0026928727243011345,-0.0029730655053874554,-0.002780860782075764,-0.0018347081709273532,-0.0029753712788770053,-0.003929634714341788
2001M09,-0.003151096023077102,-0.005060261192380073,-0.012225696668414205,-0.007200305411096958,-0.003709891777169123,-0.004135699442347609,-0.0018818622187349579,-0.003959765869140823,-0.005165572325295107
2001M10,-0.007706434561907184,-0.01128845399586869,-0.02278639538881163,-0.027413163274077765,-0.010605352241102066,-0.010765824825009361,-0.004299833320153642,-0.009007034495054647,-0.012984061512748123
2001M11,-0.010434973260995094,-0.008971975857092467,-0.03291057479059124,-0.016335389739155336,-0.014347729505708881,-0.00811743167473046,-0.00571845961826878,-0.0074037583724436175,-0.013030036602373235
2001M12,-0.009261955851852282,-0.007195870843118028,-0.02978807908297325,-0.009577326008971555,-0.013587631143473732,-0.006099205137274596,-0.00586572503800331,-0.005992919569530069,-0.010921089084399604
2002M01,-0.008095077912583609,-0.005748507763240842,-0.004657169833135818,-0.004820216150394843,-0.008587520638400101,-0.004519913743036979,-0.005173827993419232,-0.004804595031880238,-0.005800853633261459
2002M02,-0.005995264750893094,-0.004346961543314947,0.008517021939699162,-0.00031802447400035294,-0.006891070595469315,-0.0030057590889485107,-0.0042304287018591034,-0.0036523630347926484,-0.002490356281197351
2002M03,-0.0016495886909260271,0.00121193733210599,0.024928211261286425,0.019145029060737256,0.00026095303877175574,0.003213241338274859,-0.0015758075260895717,0.0008888533067757855,0.005802853640117059
2002M04,-0.0001833434291048249,0.0039449502286034235,0.015365935360442664,0.02677778060807124,0.0044698717366292795,0.006585977285622386,-0.0006870468328474984,0.0032385614293611717,0.00743908579834723
2002M05,-0.0002875230389980249,0.003709956406865558,0.004316157773887607,0.021035883391345704,0.0018394024324856447,0.0062364294812840655,-0.0007350791921174334,0.0030249927250814972,0.0048925274974793275
2002M06,-0.0007373162211314747,0.001743639481302535,-0.0029848107178403055,-0.004615955231469163,-7.211489882045759e-05,0.0037155109565240154,-0.0011541379659129331,0.0013033952796604464,-0.00035022366471091715
2002M07,0.0014626312495892749,0.00327135256221997,0.002899920990094755,-0.001355068245759471,0.0014274774218630186,0.004809227351235563,-0.00082338172888299,0.0026113488348637843,0.0017879385544029881
2002M08,0.0021099723243436794,0.00438193601789722,0.00780984613541923,0.0023859169827895148,0.0025250938422670412,0.004848659815924376,-0.000537117440398556,0.003589759343496362,0.0033892583777173583
2002M09,0.0036784015123730086,0.007095879022137168,0.014848513260417025,0.011051549662972712,0.004744177742405042,0.002168943005586536,0.00022647738275160585,0.006070397180496419,0.0062355423461424395
2002M10,0.002538101468121331,0.007105357808783328,0.005578668901727267,0.00610294108617182,0.002508616589888766,0.0015738966218274211,-7.802646483562672e-05,0.005497905114680267,0.0038534326407955715
2002M11,0.00025553933543748567,0.00299295369720048,-0.008868721273217096,-0.01010857165158166,-0.0013053924792450805,-0.002822151593797698,-0.0010445715821477877,0.0009925527719365432,-0.002488545346926852
2002M12,0.003294047943785921,0.00866401034177178,0.011714312156011555,0.011665463616251724,0.003935895442619644,0.0034496819220748375,0.00010680050137153733,0.0017735724253310423,0.0055754730436522555
2003M01,0.004982912329121536,0.012265746482265184,0.018432404618535896,0.023458486673176755,0.006167219969344609,0.006080410048453524,0.0011952499409077343,0.004358419424386167,0.009617606185773927
2003M02,0.006282632357019988,0.016298256621281922,0.02027890146389659,0.03731232270931923,0.007435306680978578,0.011146941964291458,0.0023856220922914397,0.008107753112580175,0.013655967125207424
2003M03,0.001284007438873884,0.0052442628788547255,-0.0084763210697293,0.004518951225242283,-0.0005435044154202869,0.005379681157047566,-1.4823488228337821e-05,0.0038431064364988802,0.0014044200203924269
2003M04,-0.002068149001282202,-0.0011254667151830914,-0.03092548353933453,-0.022860552480602543,-0.006466372217439079,-0.0010043728718884225,-0.0014892916238591508,-0.0017040416981040423,-0.008455466268461631
2003M05,-0.0011656547529859413,0.0002837940657295203,-0.02404617038034562,-0.0011243515658275662,-0.004698652094494838,0.0004549912918717044,-0.0010171291562828069,-0.0006478981908874292,-0.003995133847902873
2003M06,-0.00023578931720231447,0.001838211700260049,-0.003992540059836726,0.0037400573573532292,-0.00294894437407384,-0.0004320239228263107,-0.0005989869326361516,0.0005041836385579427,-0.0002657289888005152
2003M07,-0.00027998607596826843,0.0005214196869882809,0.004865953394089902,0.0034778401200077453,-0.0030144599540554624,-0.0005119487905100341,-0.0006146739013171679,0.0004436910313511907,0.0006109794388232733
2003M08,0.0004268004706634394,0.0017485652876061564,0.00955270743872357,0.0031003579309495455,-0.0017372772446777162,0.000771577004173493,-0.00033363391474114254,0.0013645565330574908,0.0018617066882193546
2003M09,-0.0011699469991960838,-0.0010468691619460024,-0.005341196048511944,-0.01007504302843508,-0.0013945660556186983,-0.0021300311173265436,-0.0009526466902576546,-0.002346927764874883,-0.0030571533582708613
2003M10,0.00013267955486427965,0.0011953692090081944,0.0031714380871966904,0.0017085265630502246,0.0020501108636425225,0.0002105273380676848,-0.0004147678448019684,-0.0006903109853224174,0.0009204465982131514
2003M11,-0.00027233695319551403,0.00046982636861805146,0.00042606804968815196,-0.0005338117659985393,0.0012931036120939032,-0.0016890978575094017,-0.0005580763561920652,-0.0011980647656576948,-0.00025779870851913854
2003M12,0.0012909142060464195,0.0009466934610252052,0.012988431888115206,0.008190255069601042,0.004231178245487602,0.001177862441764229,0.00017229402615840192,0.0007745433628502467,0.0037215215876310434
2004M01,0.0018870869104601377,0.001999996190142512,0.009294862891871194,0.006971684482003463,0.003949002554962378,0.002248703336662297,0.00043772564685837234,0.0015166158841560997,0.0035382097371395565
2004M02,0.0014200816919089842,0.0011972923736952015,0.002325533783663095,0.004445573102138453,0.002074898076702597,0.0014242559486911674,0.00014853595950888073,0.00021718183648463795,0.001656669096599127
2004M03,0.003859089930514992,0.0037189098748168607,0.01189369241496812,0.00387183585878442,0.00479186471481095,0.004014974808462234,0.000786029729828033,0.001963136954369278,0.00436244178581936
2004M04,0.0031463383310626216,0.0038374338726539976,0.005978346403377841,0.003476520059498042,0.003285540110132411,0.0027716125536210463,0.0006631952343896441,0.002049812591529026,0.0031510998945330788
2004M05,0.005817102479588634,0.00674659991561324,0.02024007502344908,0.015593425728160791,0.0075867839405669366,0.006986469602161818,0.0019555779946721563,0.005000753597215174,0.008740848535178479
2004M06,0.002519201688344635,0.004725128249687139,-0.0009010208328932446,0.0021642310322902165,0.0016668672229662263,0.0022439688005453586,0.0007287040652337751,0.0034045375330939262,0.002068952219908504
2004M07,0.0037646400893487954,0.006855604915645779,0.00656074095619199,0.007933489659881693,0.003791668777625063,0.00407651761956645,0.001235163941659526,0.004111859637656005,0.004791210699696913
2004M08,0.005424975275920567,0.00973013477909773,0.015116153849139632,0.009651127811208037,0.006398403460396519,0.0068630073027719065,0.002051376750204645,0.006295352260257035,0.007691316436124508
2004M09,0.004057091731550506,0.009557583595124576,0.005780124363303748,0.00942788164487083,0.003858794941083374,0.004362364043545698,0.0016218621339278419,0.004342482476047268,0.00537602311618173
2004M10,0.007687614207033606,0.01431076155330558,0.023599877248280113,0.018570806809239115,0.009429014002887943,0.009808851151316208,0.0034971218361049784,0.008577009740405123,0.011935132068571584
2004M11,0.0019708254820664343,0.008352702340028604,-0.008307422931723488,-0.002015037678632193,7.441198940227574e-05,0.002718160113910763,0.0010523840179128027,0.004217711959411603,0.0010079669115471003
2004M12,0.001001605139089058,0.003944133139053192,-0.01446635194976839,-0.007181632653084189,-0.0016449075165571357,0.0010680328624142238,0.0007015809895043899,0.0015037715485868818,-0.0018842210550952462
2005M01,0.0024558458915480744,0.006364677521676052,-0.00482676326499059,0.003936493528610084,0.000994515929401656,0.0018806099624267194,0.0012160133113696598,0.003198527955189174,0.0019024901044038538
2005M02,0.002818120769169371,0.007033891229360792,0.00795302019997643,0.005874170279866796,0.0016218464247617294,0.0013992903118168682,0.0013355206573330658,0.0025121896820746005,0.003818506194294956
2005M03,0.0055821305520147545,0.009927196133057882,0.021854117199382933,0.01972848368363336,0.006022093445067765,0.005713523473591812,0.002331006031990962,0.005851446257854222,0.009626249597074211
2005M04,0.0042797903579424755,0.009204416436081372,0.0047876750113936195,0.010608616691293964,0.0038103101829829976,0.00524791119498815,0.001993829736002303,0.004267377555954577,0.005524990895829932
2005M05,0.002993322201526264,0.004908705782475812,-0.0023613762402300703,0.002517633502681945,0.0018162310422297286,0.003190900074452008,0.001531247855288854,0.001990445208192844,0.0020733886783271733
2005M06,0.004918042300137643,0.008399540916908161,0.008910696906132488,0.006311389203781677,0.004881819665968036,0.0062915794151063,0.0021729292149765293,0.004225808467929256,0.005763975761367511
2005M07,0.005826746509985296,0.008702046639361692,0.01276791497900947,0.011941228498377532,0.006116944247725659,0.006123825339370665,0.002655020401392518,0.005675709314751464,0.007476179491246787
2005M08,0.007875988289412036,0.012098050774702341,0.02012385278525748,0.023996302418261634,0.00874784012255846,0.00994416130789466,0.003932240314546359,0.009206050982471715,0.011990560874388087
2005M09,0.006533523004812078,0.013459309439811606,0.010759341750789263,0.01764432316889172,0.006346430291204011,0.009306464712081894,0.0036426691359276514,0.01035145380477474,0.009755439413536621
2005M10,0.0047944311766003715,0.011395970419881572,0.0020653422693933214,0.007565068742236456,0.003747601691317897,0.007468717887498599,0.0028610284748359282,0.00685808456123766,0.005844530652875226
2005M11,0.002783924234328447,0.007689382042457936,-0.00829421023422949,-0.011219768381725427,0.0006964904906303507,0.00421048171060053,0.0019713131576515218,0.003945546370744081,0.00022289492380724366
2005M12,0.003938031213295364,0.009683149126506153,-0.0018179683306199382,0.0024158899632456482,0.002544585407178456,0.003179256056775644,0.0024587575348218355,0.004048854893564714,0.0033063194830959845
2006M01,0.004513164753432346,0.008208729114617848,0.005891843118125323,0.0049475249112364665,0.0034374443400208184,0.002399168005047673,0.0027013737106172594,0.004681942723847112,0.004597648834618107
2006M02,0.0031413575431156887,0.0052858941611071165,-0.00045329913319305457,-0.0009161657188087047,0.0013548631370849905,-0.00012907808668332125,0.0021215385672089617,0.0031698819507209454,0.001696874052569078
2006M03,0.003593488228994792,0.0041455509553745,0.002077236853601454,-0.000573092763282183,0.002084952497200496,0.0005999283251452523,0.002303539184015453,0.0018153916304421117,0.0020058743639364846
2006M04,0.0058854944991630735,0.007795790714459952,0.014144292895276108,0.009283781600550864,0.006781266254627983,0.0039012469492267932,0.0032502510033467404,0.0030837472929374056,0.006765733901198614
2006M05,0.005161732222925548,0.007176821445152711,0.004975138933180875,0.00775404054004036,0.004465712935008518,0.0034006532641226482,0.002969822725220268,0.0023848469934936263,0.004786096132393069
2006M06,0.004779851251726412,0.003597363246702183,0.0031808783468039643,0.004303114259469242,0.003929451181042766,0.002392057318986502,0.002804007501567318,0.0020330600680349723,0.0033774728967916703
2006M07,0.006139993960932127,0.003906719140241103,0.010029306457000054,0.0032930280679139383,0.00592172827174689,0.004219732137637853,0.003391241013103323,0.0033447733164810867,0.005030815295632047
2006M08,0.005752751599728585,0.003569391800660887,0.007598044646367141,0.003941586910235861,0.00528580326206443,0.004423484581426256,0.00329432695504353,0.0034890306250487625,0.004669302547571931
2006M09,0.0021667214179808005,-0.0019536998427102095,-0.011406638095251805,-0.011066723760743148,-6.461931698712245e-05,-0.0009080127011076812,0.0019112871107919592,-0.0002865380667842912,-0.0027010279068514376
2006M10,0.0013786883533209353,-0.003459603306390639,-0.016166884808399527,-0.006508967624616731,-0.001386387401288853,-0.0016693957784138496,0.0016168885102658087,-0.0012772937737853655,-0.0034341194786635275
2006M11,0.0018948616122307607,-0.0017507492883906198,-0.012722900562754588,-0.00019545842856337568,-0.00048058645916682855,0.0002630540666698466,0.0018121410593357522,0.00012541424524614372,-0.0013817779694241133
2006M12,0.002585318243679651,-0.0004179164434235062,0.008653109367328795,0.0032721148054370205,0.0006881131070137726,0.0013536757703080872,0.0020479543551039448,0.0009447441498771407,0.002390889169415613
2007M01,0.0005688398343296798,-0.00428037772838465,-0.005413955290793206,-0.006744134256136741,-0.0027126671804674337,-0.0018169033748780287,0.0013425450742883091,-0.0014541186417994525,-0.0025638464454801908
2007M02,0.0019173861626391566,-0.00029592596759324104,0.002116593428071856,0.0036757025082026088,-0.00030922952883567084,0.0014176601953017802,0.0018730235366661923,0.0009672613899531122,0.0014203089655507243
2007M03,0.0026664890801972067,0.0011469451027948368,0.006605817196019378,0.007558308050109035,0.004304161717338015,0.0025761957809069666,0.002088229731424646,0.0018189113917202028,0.0035956322563137862
2007M04,0.0038573277328812577,0.0033827202371862794,0.013319116021638468,0.013931616908824503,0.0062244790322456495,0.004440660618692178,0.002387201102484511,0.003138231112651235,0.006335169095825511
2007M05,0.0038634510549270746,0.0034100586804143417,0.0063510360972229805,0.00772008137361484,0.004480814415896637,0.004454169416541236,0.0023839861047158135,0.0031501241391340257,0.004476715160308369
2007M06,0.0046292485911169565,0.00477252218130117,0.01071185996088855,0.007837941461122405,0.005725381831488234,0.005669491990727148,0.002660051853483703,0.0039797405894481126,0.005748279807447036
2007M07,0.005666448696675476,0.00649914643116827,0.012022657871715511,0.006614285012348937,0.006301083270617921,0.0073213788517365475,0.0030297060286586987,0.005085774011407106,0.006567560021791059
2007M08,0.003798487847072323,0.004217105799510673,-0.0006717808665539695,0.0001974191099841393,0.002772798731117839,0.003432954818948338,0.002436770429857814,0.003589870821202318,0.0024717033363924343
2007M09,0.005018487537080789,0.00642115046796403,0.006482182892106476,0.004089911105942925,0.004734535135801683,0.004281793893571443,0.002752648763430784,0.004958678490260479,0.004842423535769827
2007M10,0.006500760415474342,0.00889661777653895,0.01407724506657428,0.010795361381965848,0.006954423771129859,0.004683364212835855,0.003275600751919962,0.0066547168657589105,0.007729761280274751
2007M11,0.007771498705313859,0.012644571596378367,0.017475975051024755,0.020377408111809044,0.008434876684212375,0.007610194516847684,0.0041914744564576995,0.008158805044430268,0.010833100520809259
2007M12,0.005815073140533087,0.012209219412397583,0.006249798761556371,0.01324026843775441,0.00527154687156111,0.006631584753245624,0.0036228718643015767,0.007016863070490336,0.007507153288980012
2008M01,0.006219959304559729,0.012886233200761415,0.008291966985526205,0.008457663009096283,0.0058837618865762486,0.007207847282087824,0.0037879074921453575,0.006141216822343303,0.007359569497887046
2008M02,0.007071636240583252,0.012538557132624304,0.011997702926099044,0.004453693518642705,0.007080158578492211,0.008747869637384309,0.0042026776839885665,0.0073294515399481,0.007927718407220312
2008M03,0.00804526158355886,0.014175226284812124,0.015075941723657667,0.011231937210354185,0.008282306247559124,0.00953318607303307,0.004839266486986169,0.00887335770699566,0.010007060414619606
2008M04,0.008349518705690933,0.014643372192306537,0.014567882920661353,0.015670086991490036,0.008440787463348622,0.009852197672648185,0.005243290149175457,0.011014653862166015,0.010972723744685893
2008M05,0.010118023871228,0.01974528106497109,0.019923704497961468,0.022251158369443937,0.010625219118926436,0.01132603560517087,0.006464996983551224,0.01544336441371931,0.014487222990621544
2008M06,0.01000948218883048,0.02277007602093335,0.016976468709302736,0.023404118099383184,0.010095650902677028,0.014838247352266264,0.006741828268611587,0.017157941333838328,0.01524922660948037
2008M07,0.008181136610725014,0.022529254952710208,0.008764682397291342,0.017255542141794852,0.007394644431439932,0.014112565974843422,0.005802071305260457,0.01475537240151479,0.012349408776947502
2008M08,0.003701508179166226,0.013563678108730494,-0.009750835406747146,-0.00823627473820815,0.0010780120719644532,0.005667532307562109,0.003323165577719209,0.005944865807104772,0.0019114564884114963
2008M09,0.0006537525120872516,0.006913178633064099,-0.023996013251708206,-0.01289555491204035,-0.003681751414074192,9.800359580740985e-05,0.0015745582606192091,0.0028875701198089734,-0.0035557820570544752
2008M10,-0.007842886463259932,-0.0026736250566834485,-0.06318223070777787,-0.031032622444429152,-0.018026126631543966,-0.009173322598270927,-0.004768852459386553,-0.00426326893715318,-0.017620366912313126
2008M11,-0.02186331510251945,-0.010250016375503946,-0.08896738330473661,-0.03481746793523128,-0.04148886831608413,-0.01401418305058294,-0.01849226892736882,-0.01001431555711764,-0.029988477321143098
2008M12,-0.04025095654529664,-0.012273464515965794,-0.11316067412603974,-0.03362520176259045,-0.06975579101655822,-0.01586304149210107,-0.03809197431705763,-0.01225884475840668,-0.04190999356675203
2009M01,-0.033962596676678586,-0.0035264281649676106,-0.05458679080334077,-0.0019273365490173754,-0.05676443222234782,-0.0026925671327027566,-0.031174720732128552,-0.0029906628970767044,-0.023453191897282517
2009M02,-0.03945885001630291,-0.006371644871834472,-0.028979184296212403,-0.011381478730922986,-0.05181881723270208,-0.006758135484969233,-0.03698206893083565,-0.0059543948003062995,-0.023463071795510757
2009M03,-0.03279881259261099,-0.003373652460233631,0.0026860022546985225,-0.0010814528190991029,-0.036250382376305,-0.0023936618912607094,-0.029861088336403503,-0.0028174497868747143,-0.01323631225101114
2009M04,-0.027206165678857933,-0.0018662706745681467,0.008379065538073169,0.003979573944671123,-0.016299202842014124,-0.00024056124436750868,-0.02403190796542995,-0.0012543310231242764,-0.007317474993202206
2009M05,-0.0170268657078623,0.0022940601905152296,0.024579402572920177,0.018766378717253705,0.0033509379532345685,0.005888163411813327,-0.010272521377946927,0.003095177400324313,0.003834341645031512
2009M06,-0.008051408812856278,0.007640562845186691,0.03089551537038772,0.034489573693351636,0.01426397157045109,0.014300010656728127,-0.0021559089444651673,0.008852414389590748,0.01252934134604682
2009M07,-0.01059859856164597,0.005321828075404338,-0.0006499105937558727,0.020136816071292616,0.0035035886277268702,0.010407289764038829,0.0004525545021768478,0.006272012822017043,0.0043556975884068375
2009M08,-0.0033719501427065214,0.008767260057324738,0.013429792303501444,0.01841527780500235,0.008376333751858991,0.015960383300170133,0.004532096019866016,0.010047139724169473,0.009519541602398327
2009M09,-0.003048481370370635,0.00628345541692351,-0.001062049793346953,-0.0013930810594766693,0.0033769811565268755,0.00992530494193656,0.002838916975138003,0.007257044492527891,0.0030222613449823227
2009M10,0.003571924872360048,0.009585011636808496,0.012251564311343192,0.01033972455446189,0.007969095841233998,0.013109831468839279,0.004411112781516765,0.010890880390828268,0.009016143232173991
2009M11,0.006101193121435247,0.011320240629560576,0.015220510513880566,0.012438910612085107,0.009079664380198946,0.00989489714713231,0.004894247005648084,0.01283369052074905,0.010222919241336236
2009M12,0.005342859471578537,0.011239112629359822,0.008648433151323614,0.012420794778601757,0.006867463419809292,0.005338201065656488,0.004213712465434199,0.011394402503745522,0.008183122435688655
2010M01,0.006082796508242699,0.012665299594985092,0.013994665234457455,0.005677579179497235,0.008739299201629403,0.007360894600262507,0.0048903836215506155,0.011556964640034702,0.008870985322582464
2010M02,0.004812108652548294,0.01126133830308142,0.004135941040246227,-0.004085529175657663,0.005338254012282912,0.004067447620713947,0.0037428809940377988,0.00613680301605295,0.004426155557913236
2010M03,0.005636579686588951,0.011672327383865599,0.010244613255759746,0.0013108744759642663,0.007463455170930949,0.0063499679456071705,0.004494623912328922,0.004681096647107747,0.0064816923097691685
2010M04,0.006559460554845745,0.012488799710493756,0.01641700279032769,0.007373698546314241,0.009669179030950855,0.0045462412610368635,0.005339445977438499,0.006734869508068695,0.008641087172434543
2010M05,0.0037257209299737712,0.005030304127718486,-0.004947446850582304,-0.0047150914881959535,0.0022552826583834874,-0.0029846960892403016,0.0027773644739453084,0.0020167710211282035,0.0003947760978913373
2010M06,0.003597304590457074,0.0020514313390376385,-0.005839722702219455,-0.005605472078556949,0.0019361747303006487,-0.003338572103265318,0.002663241279350006,0.0017754563992831121,-0.00034501981820165537
2010M07,0.0035421216839479405,0.0019637421151147997,-0.006161186091083961,-0.005104058839276466,0.0018128266036952908,-0.003487953982768023,0.0026154789512312744,-0.001459309491688273,-0.0007847923813534272
2010M08,0.0038431118241917597,0.0015951192323903937,0.009613343821341552,-0.002619553880904164,0.002650161783903292,-0.002401757254515942,0.002891587669161602,-0.0023197727812583886,0.001656530051788763
2010M09,0.003982453369810364,0.0018723887153212176,0.009591910049076736,-0.001565435825218904,0.0030496655629408845,-0.001938807541235878,0.0030206329779493236,-0.001990449293700386,0.0020027947518679195
2010M10,0.004935747811920557,0.0007759224442551627,0.015827188372910535,0.004953057333485219,0.005592309883217236,0.0008608565033562188,0.0038857404526338878,-3.527282163168699e-05,0.004599443747518391
2010M11,0.005677757304748898,0.0007233184466898142,0.014124165724465931,0.0077329049517486,0.008761128871849945,0.0029201581499347646,0.0045593825186085535,0.0013793434299593918,0.005734769924750737
2010M12,0.006989212635971116,0.0031964822431204904,0.019249862075767222,0.01599759998591612,0.010683176659704804,0.006795952652350995,0.005753669853449486,0.00399643550431881,0.009082798951324881
2011M01,0.006980295897789048,0.005044741988097869,0.01692719511845077,0.01670724351398033,0.01007201962442466,0.00979232270885904,0.005761224886128306,0.00598458565328219,0.009658703673876527
2011M02,0.007378194705014092,0.007099221108846946,0.017932343068820692,0.019771784413996556,0.010590841938812608,0.012333204707654127,0.006136635278606003,0.008233265991857903,0.011184436401701116
2011M03,0.0082684104869849,0.01007435447950661,0.021746112144026927,0.021751894539677137,0.012164780131435043,0.016939060485661,0.006968222554751463,0.011567829353420647,0.013685083021932967
2011M04,0.008391987418232227,0.012730147342798814,0.02002121612932181,0.02417594618075346,0.011796435841470559,0.018635361149324105,0.007097563566113579,0.014615136665139665,0.014682974286644276
2011M05,0.005382275887171979,0.010050238114292311,-0.00031572871603233015,0.007300251598495086,0.004520396881511141,0.012105527355072511,0.00432496995495085,0.010870572753317946,0.006779812978597437
2011M06,0.00530873294793052,0.00989853852402332,-0.0006859139731025463,-0.003812474100837866,0.004374323212622563,0.008091496189491554,0.004260356362302615,0.010409760615084869,0.004730602472189378
2011M07,0.005812590976678876,0.010706277973209503,0.0028109633344329706,-0.0010525642525789944,0.005613217935337122,0.00649887233003516,0.0047282748964128166,0.00956706439589627,0.005585587198677966
2011M08,0.0045916155600010475,0.008146313893199185,0.0012273542745651744,-0.008161329282648233,0.0027064901604137532,0.00032051524845011113,0.003605451336184962,0.006140081132105307,0.0023220615402839134
2011M09,0.004706002750737216,0.008070156380186383,0.0021108474949666787,-0.003400292851555657,0.0030148163491493293,-0.0022641418208008083,0.0037140120673996233,0.003959242917293895,0.002488830410922083
2011M10,0.004396563935203331,0.0060451643814284145,6.754571982987845e-05,-0.005183913266507903,0.0022802299207002026,-0.003028060151837231,0.0034297459936326142,0.0016566467625872482,0.0012079904118795694
2011M11,0.004445628503679042,0.0049790979891297625,0.007558123933151405,-0.003795467064788359,0.004665217652512037,-0.0024452229404945533,0.0034777327667969604,-0.00022721236234170684,0.0023322373097055737
2011M12,0.0039579777664886205,0.002089287009537535,0.00423304941938215,-0.006696174405882112,0.003474894483147947,-0.0036940891455232786,0.0030265300897675913,-0.0026370732154932536,0.00046930025017814987
2012M01,0.0044423190487162464,0.0012159640695568567,0.009256271674338925,-0.0011511073357017318,0.00469827398268154,-0.0013458439028814935,0.003479988205597527,-0.001102054074827215,0.0024367264584350817
2012M02,0.005810026962765088,0.0015291626610141622,0.018640160696572268,0.007173726581416508,0.010525613517207004,0.0021828308474551336,0.0055107309353806975,0.001222593246238566,0.006574355681006177
2012M03,0.006590982950337126,0.001841844223250507,0.014583464927412727,0.011815012547696178,0.009704080793162515,0.004111407949585377,0.006148886432968164,0.002466616639710254,0.007157787058015358
2012M04,0.005698021911066691,0.0005890460676787183,0.003540581589656676,0.0038285249262758276,0.005778431563437135,0.0020307925249454435,0.004690167122202289,0.0011300561829575373,0.00341070273602754
2012M05,0.004109839729203919,-0.001945131136609389,-0.007696822270657766,-0.013692028428169453,0.001778152120113891,-0.0020676121004536887,0.0031871430470376536,-0.001550659466462155,-0.002234639813249624
2012M06,0.0013493861374955594,-0.0068835855929333094,-0.02803326895343286,-0.022141584086663318,-0.005342523193977007,-0.009745151780556512,0.0006061625684826502,-0.006747153026229228,-0.009617214740976753
2012M07,0.0028439036692589144,-0.00017472328232696205,-0.010913286055173152,0.004995660737927737,-0.0013624869399587302,0.0011020448648203967,0.0020358533425061612,0.0003813480687141252,-0.00013646069927893877
2012M08,0.004522669137917571,0.0026231343264588483,0.012310886276695299,0.015952593672569973,0.0030362210097565605,0.005615270549047757,0.003590349015498324,0.0033300634734491678,0.006372648432674188
2012M09,0.004484191802980238,0.002575891531730135,0.008731675270066741,0.015708333059227496,0.002964665389676921,0.005531970510026581,0.003557500556229911,0.003278445588198633,0.0058540842135170815
2012M10,0.004310055686766307,0.002310194858626838,0.007537544703256374,0.005434223089473967,0.004396102873737913,0.00508678839649975,0.0034008874096531,0.0029942337849976812,0.004433753850376492
2012M11,0.004021701420997199,0.001856542429651462,0.005503909017715813,-0.005845843793500073,0.006170889317212696,0.004335292655465418,0.003139405387967924,0.0025112111040834937,0.0027116384424492415
2012M12,0.004016430329118015,0.0018612041170702502,0.005709985276578589,-0.004040511265608555,0.006167726158398593,0.004339792869423811,0.0031364375786963267,0.0025150445585722814,0.002963263702781164
2013M01,0.004539692255387637,0.002724221511470517,0.010745976624817702,-0.0005593616049781487,0.007538426576807888,0.0021047302636708794,0.0042058458790936275,0.003430437226677421,0.00434124609161844
2013M02,0.00509769160452732,0.0036277721018914463,0.012947897234517353,0.003084171875628755,0.00879448350115215,0.0005163400004015817,0.005461081678526769,0.004395260952016357,0.005490587368582716
2013M03,0.003996872357267782,0.0018870126783354156,0.0010069821038791275,-0.0038848804417114537,0.004581303792258518,-0.002391242863567278,0.00397235451617593,0.0025330972877405985,0.0014626874287973297
2013M04,0.003717050289036186,0.00037863310516464497,-0.005710003128547457,-0.010023640690145268,0.0022164580956223427,-0.0049569470009092915,0.0031383123842148994,-0.0013364672102188042,-0.0015720755194728437
2013M05,0.0039749073902176895,0.00029612296287243826,-0.006049283495341298,-0.0044620298037460595,0.0020855166997841863,-0.002769418083716976,0.003086686084099958,-0.001939394915862752,-0.0007221116452116017
2013M06,0.0038713527860527223,0.00013933058401776298,0.0009573871981634974,-0.004746530689047782,0.0018406389244232232,-0.0028933973226028644,0.0029960549036308643,-0.0020238831443331867,1.761915503802969e-05
2013M07,0.004507316049989498,-0.000898452770257191,0.012323451081987043,0.00012077714073891604,0.003509562407940056,-0.0008173303064970153,0.0035637921315161635,-0.000679692805529932,0.0027036778662359413
2013M08,0.00497681726604613,-0.000357859127097547,0.012142538700520787,0.0032329596735629967,0.0047307940241642235,0.0004977245602571863,0.003981946477517498,0.00016606060988574672,0.0036713727731071274
2013M09,0.005072009123894038,-0.00017404801063330066,0.009451694808805148,0.0039339512352008724,0.007402299000022328,0.0007932172690792217,0.004068631243342753,0.0003548786709630153,0.003862829167584259
2013M10,0.0047447305171255255,-0.0006823653286311166,0.006392738296596404,-0.0021956191492621463,0.00631931878131711,-3.757854786778925e-05,0.0037812239104579055,-0.00017485496321379941,0.002268449189565262
2013M11,0.004516182207199468,-0.0010387996918327276,0.0048143789385065115,-0.005377398299651966,0.005751592483373038,-0.000618621993012972,0.0035807594782229224,-0.0005468895924795941,0.0013851504412905852
2013M12,0.005078623110788697,-6.809983115719153e-05,0.009013490816140274,-0.0002700655238912588,0.007212647000123123,0.0009492363466694501,0.004737696282756966,0.00045798904147496215,0.0033889396553631276
2014M01,0.00461546026396673,-0.0008020831169576683,0.005339830985109494,-0.0031296750642341212,0.005911399660061004,-0.0019231723764386666,0.0042706614440134434,-0.0003063339940365241,0.001747010975185461
2014M02,0.005015221610341106,-0.0001069694025552792,0.008355535163865047,-0.00043765617543657003,0.006955583129470397,-0.0009605302789671324,0.004632102556871111,0.0004131144651667758,0.002983300133594432
2014M03,0.005186450442315541,-0.0009338666323228985,0.00468719032995767,-0.004498327729470252,0.0056542054707704945,-0.0023197199920021875,0.0041617507868938804,-0.00044774410201585445,0.0014362423217657992
2014M04,0.0051697185085371085,-0.0009272038414440444,0.0048863238637839295,-0.003941218608920081,0.00564161205895681,-0.0023058205692487593,0.00414963152061872,-0.0014605719336154826,0.001401558874833525
2014M05,0.005405165796101586,-0.000503561090542675,0.006702766780148116,-0.002305722510715299,0.006263235912719579,-0.0016070924763146753,0.004359422961488558,-0.0011191062811581236,0.002149388636465883
2014M06,0.005691995624335277,-6.5754408045753335e-06,0.010635207889554202,-0.0003677892474990567,0.007009198146991681,-0.0009101039001597757,0.004614914868046189,-0.0005899045901513269,0.0032596179187890767
2014M07,0.004664272302805654,-0.002586061824393448,0.0013734292601423068,-0.006651225885782696,0.004451816465850387,-0.0035645706371156124,0.0037132119114502236,-0.0022987734892366257,-0.0001122377370349763
2014M08,0.0037976529943387826,-0.003700275595506784,-0.005082648093485182,-0.009751760766755754,0.0022156541401677707,-0.00496989622652844,0.0029525127873954284,-0.0033410173944356915,-0.0022349722693512336
2014M09,0.0030174104317437014,-0.003842876676044331,-0.011108460801469816,-0.00950690989441858,0.00014377846875709543,-0.005007704441070295,0.0022627682765422336,-0.0034676565544134712,-0.0034387063987966838
2014M10,0.0012540789018260527,-0.006147930559675836,-0.0182141106339243,-0.01687879684388964,-0.004688611288732098,-0.008424277495778976,0.0006732700374559347,-0.005851159236286327,-0.007284692139875648
2014M11,-0.0005587236803604118,-0.006769957416358205,-0.025818637030980186,-0.017145820948852284,-0.009675993392260586,-0.008950445509884986,-0.001036957540056544,-0.0064605611120345215,-0.009552137078848466
2014M12,-0.005195701386568473,-0.012278443066542792,-0.051568922690076624,-0.033046846284881436,-0.021895341563438676,-0.016885437110346666,-0.005726480627135782,-0.012233975053530188,-0.01985389347281508
2015M01,-0.013156760142782423,-0.0161228173300036,-0.07735948998189157,-0.04012726640406999,-0.037183708104838516,-0.021688485091254393,-0.014428235003997387,-0.0163129402556075,-0.029547462789305673
2015M02,-0.006521593144506258,0.0005717346916847806,-0.032765908187767215,0.014426485728316823,-0.02037718837794348,0.004247810086280951,-0.006961000214676922,0.001591749903392275,-0.005723488689402381
2015M03,-0.007656881621189284,-0.0009370350468492147,-0.009232858511359627,0.009257775697670206,-0.02040739579680818,0.0018748752393568388,-0.008170646411549614,-1.7368066780927387e-05,-0.004411191814688725
2015M04,-0.006458901478098623,0.0003448713927447873,0.006722001742118214,0.013518403979480096,-0.013125974224155536,0.0038624787366047936,-0.006025171643787512,0.0013415547352605903,2.2407905020851125e-05
2015M05,-0.004001205157088389,0.0035411727676944917,0.018159083257265344,0.009319128716314115,-0.004030841582620841,0.008925346309196586,-0.002991787200895586,0.004762109823530074,0.004210375866674473
2015M06,-0.004852714078651951,0.0021695396242040503,0.0027884483793705504,0.004645630160053021,0.0038686520994119914,0.006691304690373379,-0.003143276700794295,0.003276628549103733,0.0019305265903838099
2015M07,-0.00671727969286372,-0.0015971255826801073,-0.01064416115731945,-0.012346624271791562,-0.00046505641058944974,0.0007534721584392364,-0.0038573254492353308,-0.0007412066851996222,-0.004451913386405
2015M08,-0.011082881540841829,-0.00792133205560602,-0.03298817211130204,-0.02726925206456751,-0.008095427074692234,-0.014488097427083877,-0.006210925226866148,-0.007371766539766284,-0.014428481755090743
2015M09,-0.009939213915039387,-0.005635060545839258,-0.02769763488239026,-0.006138066360272489,-0.008010920244668387,-0.005204235417428615,-0.0022515745566257755,-0.004959184352851156,-0.008729486284389416
2015M10,-0.0076282500156604665,-0.005464896629518703,-0.013779690932200198,-0.005653740663599026,-0.007790165596344827,-0.004972648537537823,-0.00203325454084696,-0.004787647890844342,-0.006513786850819044
2015M11,-0.008199682913879751,-0.008991249826665854,-0.004561444472538931,-0.016980911942627963,-0.012107655688038729,-0.010158184488306037,-0.0039466099771072825,-0.008476966683470711,-0.009177838249079407
2015M12,-0.008396668495014272,-0.012892063002400691,-0.026158704895011008,-0.02772522867265379,-0.019136480007165065,-0.015540832621779976,-0.008017339900496977,-0.012543034043364485,-0.016301293954735785
2016M01,-0.0144757136379703,-0.015369519301536665,-0.05248628776124335,-0.03245808111620283,-0.025641062735685588,-0.01857458515639316,-0.014214134126337841,-0.015127534029668058,-0.02354336473312972
2016M02,-0.012176650398399045,-0.005188117225997371,-0.03179284936222923,-0.00030405614071940014,-0.013713518443633011,-0.0034110992921826,-0.01178512748231123,-0.004287234258617012,-0.010332331575511111
2016M03,-0.00718686539735729,0.0008637105628895589,0.00786093107042127,0.018728984832857704,-0.005960315346257844,0.005512547301138814,-0.006134778130207286,0.0021073810591305826,0.0019739494940769382
2016M04,-0.0049890218113512646,0.004064416578880418,0.016495830633169346,0.029287608542910785,-0.00213894006380697,0.01040813568469023,-0.0025161778165572204,0.00554241668832001,0.007019283554531916
2016M05,-0.002321391754366872,0.008619583513940807,0.02080079370691677,0.03756257815315411,0.007023828371531042,0.017576944658084258,0.0020576169596140123,0.010516997789315795,0.01272961892477374
2016M06,-0.0005668891324206405,0.010712444002515979,0.013307129068090694,0.024892178747080506,0.007786466886586711,0.02087031821233447,0.0029368215451837116,0.012829825212969133,0.01159603681779257
2016M07,0.00015103339580225736,0.008187677114889443,-8.485336901777919e-05,0.006606749522656932,0.0028700774839730664,0.016607826161766613,0.0019020928999180058,0.009974121093176837,0.005776840537895672
2016M08,0.003624513335642129,0.009090496736067401,0.002712033846095618,-0.00391646046685312,0.003893363349403101,0.014778352958920216,0.0023640082995121004,0.010952289299207916,0.0054373246697494194
2016M09,0.0038879560876453963,0.009597529285035582,0.004331405795641471,-0.0021959270179115207,0.004484067745523783,0.006892690092333182,0.002586681328576303,0.011490046026719714,0.005134306167945489
2016M10,0.006012598929574449,0.013812237662002565,0.019295698225739618,0.01064795562539848,0.009057441208608576,0.008249458301655773,0.004372584199812018,0.016179145397169605,0.010953389943745135
2016M11,0.003269898305276469,0.010878905272593276,-0.0006977441347088519,-0.000512309831443597,0.0027085804387723383,-0.00180752582484588,0.0020176544183902623,0.010616298542629023,0.00330921964833288
2016M12,0.00650572522213098,0.017582751619741373,0.018011453493205633,0.017498902421382346,0.00967722993110819,0.007346603234821925,0.0047083452106956155,0.011583452807147572,0.011614307992529202
2017M01,0.0050571174015333845,0.017902776026686988,0.008529800072212209,0.014340258410237207,0.006264153116947731,0.007964380005940864,0.0035321093869421995,0.008615750249868182,0.009025793083796098
2017M02,0.004792654193046382,0.01549256094168279,0.006966418904985598,0.01400054577360543,0.00568352314125228,0.006504112626945834,0.0033180508274800557,0.004052329411400807,0.007601274477549898
2017M03,0.003272660856091578,0.006675380566343548,-0.0016362948620670219,-0.014198383780256143,0.0024557889155377554,0.0015330606151709803,0.0020565615452730855,0.0009307247751686792,0.00013618732890780774
2017M04,0.0037988044784026446,0.004695677168391334,0.0015135899831732191,-0.0031177369424593717,0.0036158464323473747,0.0010481197811977932,0.0024955188523917413,0.002063834505179994,0.0020142067823280914
2017M05,0.0028617551794129195,-0.0009739698562912071,-0.003665886587210905,-0.008771220660469817,0.001592168895460845,-0.001592793944038523,0.0017207700101453988,-0.0008453905285008946,-0.0012093209364365228
2017M06,0.0012853349257458332,-0.004054196203983455,-0.00784877516336331,-0.016379069905161532,-0.0019093150351198749,-0.010353542503720888,0.0004129911261271926,-0.004837503781684167,-0.005460509567645025
2017M07,0.0021308933229466183,-0.0023343674415039215,-0.002602751217543617,-0.0011083461806731488,1.5104455778291136e-05,-0.0032633341685105554,0.0011200217897238576,-0.0041259926533883644,-0.001271096511646355
2017M08,0.0033739141790786304,-0.0007164932230177791,0.010292274528576804,0.0067444467962501095,0.0028843083610206087,0.00039027062313675646,0.002150928816098399,-0.0013714706554614608,0.0029685224282102584
2017M09,0.004866108069382299,0.0016197462877984717,0.015923740318372872,0.015931264368916304,0.008033991768160716,0.004604473353105342,0.003386598381515308,0.001765687394060936,0.007016451242664032
2017M10,0.005571674133937522,0.0021105344194251585,0.012145746234026828,0.01573369768390353,0.007520847137575301,0.006959686668885339,0.003979797106882234,0.0035024053968179735,0.007190548597681736
2017M11,0.006727405306482674,0.005423015864474261,0.01783458843243827,0.018952996068995805,0.009746350581177534,0.012051433763520164,0.004969660062014981,0.007218809245222622,0.01036553241554079
2017M12,0.005689568377885803,0.006464961312537382,0.010749856829328722,0.013229367254781486,0.007238070621000786,0.013651051046892983,0.004131982385376111,0.008393966032155887,0.008693602982494896
2018M01,0.007225524225122736,0.010038324398402684,0.018627559949381825,0.01975409690790509,0.010281155341981513,0.016818559272311788,0.00544360201979015,0.01247911048094177,0.012583491574479697
2018M02,0.0037909910692728943,0.007079897114675204,-0.0012252622054718535,-0.0004140647101614674,0.00289732603314714,0.00858999575490597,0.0025756020220333463,0.009040071653639015,0.004041819591505031
2018M03,0.003990497643626155,0.007441238817445424,-2.431897920427209e-05,-0.002540390579688283,0.0033369753010590573,0.005049814550493175,0.0027445986456917015,0.009438015772233441,0.00367955389645705
2018M04,0.005612537761802217,0.01040728868353379,0.009130399462744083,0.004720023670182898,0.0067607860559238545,0.007167774109816996,0.004103596086851417,0.011045117850618872,0.007368440460184266
2018M05,0.007129969628164733,0.013611512943279268,0.01713276822352138,0.014606332921206862,0.009823252181094463,0.0069102834583173855,0.00539017269471704,0.01202878632854895,0.010829134797356262
2018M06,0.005301338961055519,0.013026452560814354,0.006297905478861826,0.011877570114172054,0.005821710261158257,0.0046729313055178185,0.003873305543866073,0.008366322786257607,0.007404692126462938
2018M07,0.005106435571868745,0.011030122886223993,0.005319753605726605,0.001513259642973528,0.005440535441578433,0.0031619333599958227,0.0037124373756252135,0.00628153641923589,0.005195751787903529
2018M08,0.004801229478121846,0.00816340629692933,0.0037254197194776183,-0.007424648783110155,0.004828120406725658,0.0023893127514136832,0.0034588332160975805,0.002104904893821643,0.0027558222474346502
2018M09,0.006613092172440375,0.008716208565103373,0.01500234611470272,0.0044491737347021314,0.008576661753332614,0.006625521451577086,0.0049860328093495315,0.004533914899869587,0.007437868937634677
2018M10,0.00601895450362003,0.007880603571043168,0.009823463209021974,0.0066114411210956,0.007200355602000266,0.0033550779861334307,0.0045022124942463776,0.0045276592055583835,0.006239970961589904
2018M11,0.0013865947436916986,-0.0028580753226917464,-0.016100681640139926,-0.01795503587646832,-0.002523671637421887,-0.010828220476424056,0.0006327808382058544,-0.004027379865098088,-0.0065342111545433085
2018M12,-0.0014626231917428834,-0.009244714035271318,-0.03322822388540876,-0.023487745954927374,-0.008840303995427259,-0.013851164713249958,-0.0017985999318847904,-0.010643277973125923,-0.012819581710129783
2019M01,-0.0010329320517045082,-0.00518778041532389,-0.03023801284467746,-0.0036599122041427808,-0.007836405541611406,-0.004434263802405349,-0.001417169593222775,-0.004805358163273834,-0.007326479327045251
2019M02,0.00016350514412319297,-0.0029326703986125298,0.00012821544461306782,0.003516861013201424,-0.005129492301559055,-0.0009718127565314424,-0.00037725699173991054,-0.0022594956103599234,-0.0009827683071081468
2019M03,0.0007800186475614762,-0.0017679321507918754,0.010754134526614601,0.007305653337588865,-0.0037408639974374812,0.0008371369123828173,0.00014786148933196037,-0.0009400487810505582,0.0016719949980249758
2019M04,0.0019322789381870037,0.00039350924878132996,0.014022299033222756,0.012049265883070148,-0.001187529004884117,0.004245724996991533,0.0011141680963662223,0.0015236619279077636,0.0042616723899553295
2019M05,0.0015919939063145242,-0.00023279459645036017,0.005322353619588997,0.0028465975343373974,0.005159724295144128,0.003236700879364272,0.0008329649023524231,0.0008035203641058317,0.0024451326130946515
2019M06,-0.00094079835092008,-0.004976874032033828,-0.00949811090899765,-0.01664569353712536,-0.0003103596055356343,-0.004222198347020536,-0.001295609891020919,-0.004597919569786683,-0.005310945530305086
2019M07,-0.0007214667577520716,-0.004550460315876867,-0.008228216073929914,-0.004756845778857178,0.00014067694686571968,-0.004716893613904671,-0.001103594975704085,-0.004121972567507347,-0.003507346642083302
2019M08,-0.0024820610745236856,-0.007840536507822807,-0.016259394136744307,-0.015311359625175039,-0.0034887834013272593,-0.009915871875470455,-3.78790428435913e-05,-0.007839139159591028,-0.007896878102937271
2019M09,-0.0011437995894037316,-0.0034874859102096384,0.004447137708033677,0.0015688445736140961,-0.0007903832226509172,-0.0018762864512419475,0.00103480714717823,-0.0029013726920259614,-0.00039356730458827414
2019M10,-0.0020754972519585312,-0.005193432057469283,-0.000789689263161213,-0.003979537004031019,-0.00271018831839986,-0.0045153431579421175,0.0002663433816358328,-0.004832565847600657,-0.002978738689865856
2019M11,0.0022249013121702034,-0.002841519277808308,0.008822151304969718,0.003533743933684142,0.0005795446554855387,-0.0009185274742926483,0.001302326980408199,-0.0021835407897939523,0.0013148850806028614
2019M12,0.002939407859412246,-0.001474814133604987,0.011227522053627093,0.005917079277295045,0.006781258263937773,0.0011994776200908094,0.0019153231734560172,-0.0006379081095280884,0.003483418250585738
2020M01,0.0020449885056568634,-0.0031364090041330808,0.001816926777188834,0.00038206163272794767,0.0036333259708125126,-0.0014048864067609948,0.0011527098552179742,-0.0025264249353145196,0.0002452865494244421
2020M02,-0.0010333091846698415,-0.009191506418820352,-0.01645913637336032,-0.025397074943498604,-0.0029373614163365654,-0.010678422345510998,-0.0012607344613652892,-0.009352992248984554,-0.009538817174068317
2020M03,-0.0122715960292596,-0.02941203183111,-0.08045801759119327,-0.07630380008770443,-0.025577361679200335,-0.04021189706840793,-0.010183939082033872,-0.032002142482657425,-0.038302598231445856
2020M04,-0.026373432146982317,-0.028017609444435456,-0.13349438589174845,-0.061875840299468195,-0.05028889756972061,-0.03645819633042525,-0.023650012657852378,-0.030254647913926947,-0.04880162778181995
2020M05,-0.01269308701658592,0.002200891725748163,-0.05702227327566743,0.02601170703034246,-0.026499909855619702,0.008956098141281297,-0.01063691703723392,0.004267475497068624,-0.008177001848833302
2020M06,-0.004128856491876542,0.0136806507426299,0.01815431614312903,0.06202584029990616,-0.012529469815073442,0.02694973676944276,-0.0037187145671577536,0.01756999468069472,0.014750437220211854
2020M07,-0.002829820363888671,0.01726119642138408,0.011609570449852146,0.07223926790349473,-0.008437518696192924,0.032595089920956055,-0.002499194030910021,0.021778993198033336,0.01771469810034109
2020M08,-0.0019192211483349429,0.020193635923349898,0.010481516318669525,0.044671394894212006,-0.0025062997065878456,0.0370849647182303,-0.0016926387531824428,0.025210421408789055,0.016440471706893195
2020M09,-0.002938874516838341,0.01632589395175576,-0.0009466673354632223,0.0005212264251669386,0.0014627159632728598,0.030249438260410107,-0.0025745881356499635,0.020459407154756894,0.00781981897092638
2020M10,-0.002759498401986984,0.016718591342626023,-2.7123198210837057e-05,-0.00640822244548656,0.0017389506385189673,0.03057251103267285,-0.0020486939851980528,0.020849238498740846,0.007329469185209532
2020M11,-0.0015494753188656971,0.020735736851661635,0.007155811537418081,0.00454395789735021,0.0039437925316592876,0.01956332387874046,6.72104099532912e-05,0.025541688235959793,0.010000255752984633
2020M12,0.0005239870520404115,0.02984928843076436,0.020323628894407947,0.027157597774108908,0.008205267981819446,0.014758377787043867,0.002952825805239307,0.036374359158047716,0.017518166610433997
2021M01,0.0020898411392887475,0.03618591042436147,0.015543845737896592,0.04080185788380695,0.007109573787796393,0.018396672811615354,0.0030524697916124986,0.04382667137261566,0.020875855368624206
2021M02,0.0048647336157458245,0.04707433720327245,0.021299252495647552,0.053644793540123206,0.009381408430111173,0.03125712202312167,0.004253512891889924,0.041552485102577315,0.026665955662811137
2021M03,0.003399124902847716,0.045953906632040784,0.006712779106905474,0.03068379766563248,0.004742285918030882,0.031292135464443434,0.0027777120435831877,0.026321330274693723,0.018985384001022208
2021M04,0.0033423986208131174,0.04450605427343328,0.0062364841848460105,0.015871945415029176,0.004583266992427869,0.030152967884855594,0.002723300609927293,0.02243168098281806,0.0162310123705188
2021M05,0.004287968147869242,0.03651417502127221,0.013382020900140528,0.004142217761500425,0.00700359799522695,0.030352418226581274,0.003660268431075139,0.027357226490483548,0.015837486621768666
2021M06,0.004883553955126322,0.029966187681668085,0.01572663580765144,0.017154921500188904,0.007991627506117328,0.02605837013428905,0.004239512831649467,0.034022061740393406,0.017505358894635503
2021M07,0.004589176518452936,0.029720938544917586,0.011576288344055444,0.024503265494105097,0.006748886331268524,0.022170522238858768,0.0039319956570881415,0.036815790360531266,0.01750710793615972
2021M08,0.003677672382190421,0.027900169783200743,0.004342257803879859,0.010538396895713668,0.004314837224352692,0.007957253558931687,0.003019451054048073,0.029613498252658493,0.011420442119371953
2021M09,0.005378244160401504,0.03524787660823456,0.01619821299559753,0.014327873550804825,0.008433003973220225,0.017142862012094813,0.004708602247653231,0.02807329829617744,0.016188746730523017
2021M10,0.00682537427890509,0.04530539692778191,0.022759298333577295,0.03345174211237721,0.011070663323948172,0.030308600092435307,0.0061363221022745894,0.032897119550484036,0.023594314590222952
2021M11,0.0035099896960135873,0.03430799863570927,-0.0008045142729068006,0.0214459244507023,0.0028843002237090775,0.017416751613801663,0.002811115039484723,0.016579919996985944,0.012268935672937471
2021M12,0.0031338848678674923,0.023861479412212287,-0.0033780131372951215,0.0006835043286884954,0.0019828941891645393,0.007937408869073261,0.0024379148987223546,0.014414211273147693,0.006384160587697626
2022M01,0.004342827230944241,0.023411971415729708,0.0051081639315293074,0.005459918712612011,0.004930053794492812,0.01253751129618951,0.0036442963276193904,0.020099924678819957,0.009941833423492117
2022M02,0.005949763199120025,0.021251308445606257,0.01739343374405938,0.020601105013295026,0.008640895952882349,0.021052934416019412,0.005235560646798049,0.022636825929726587,0.015345228418438385
2022M03,0.0093587325127128,0.03630424594354881,0.032895898983386046,0.057743968479603745,0.01531655405613204,0.03300209874990774,0.008616177299487484,0.03461976818375574,0.028482180526066797
2022M04,0.00397142600011386,0.029422814768112156,-0.0018748615124997807,0.02993783567701897,0.002894276641356266,0.020000562241131985,0.003229056260898904,0.025043232582255416,0.014078042832298472
2022M05,0.005109198636952638,0.029840095105141046,0.005407275746885477,0.025773571565000063,0.005489882335912043,0.026100736664169115,0.004355791967065886,0.030235250019370635,0.016538975255062115
2022M06,0.006165104565370426,0.028540431448125774,0.011846285571390938,0.013369564960012119,0.007818771844316733,0.03159046227153493,0.005397053088547375,0.02693584751404432,0.01645794015791783
2022M07,0.005346590091579132,0.026034897379957685,0.006414610379109773,0.01174018931089592,0.005898669077161647,0.023494624351602662,0.0045886440127302745,0.02239688781547109,0.013239389052313522
2022M08,0.005438341273646545,0.026221116139419243,0.00705172772167643,0.00235413513730761,0.006120069427530542,0.015611778601739904,0.0046820231249862735,0.02272639917140907,0.011275698824714454
2022M09,0.0038577128369840764,0.013906380143395855,-0.0026513550478261955,-0.019167913525383204,0.002619389529592955,-0.004430288459884514,0.0031288332366344097,0.015681797174647582,0.0016180694860201206
2022M10,0.002535861622174253,0.0063256128711390875,-0.010905837520398335,-0.018927246899398557,-0.00045953771215234956,-0.011489965619184545,0.0018148029974530246,0.004323210400274233,-0.0033478874825116486
2022M11,0.001751849068299483,0.0035064115224785423,-0.01616754898746437,-0.014048454582178297,-0.0023286036903599865,-0.011669555651059439,0.0010218508887686025,-0.005764761913716833,-0.005462351668154037
2022M12,0.0006838591628563493,-0.0002408248100270096,-0.013677557520991868,-0.016758886702414204,-0.0049009270533717135,-0.01329803598886158,-7.769763599419464e-05,-0.013589013120034112,-0.007732385458604791
2023M01,-0.000985421140080862,-0.010171295425121534,-0.01561426453758287,-0.021870610256995257,-0.008760995956840168,-0.01635485291467465,-0.00184202284073801,-0.01614196627607318,-0.011467678668513316
