,flt12_buy.csv,flt12_sell.csv,flt1_buy.csv,flt3_buy.csv,flt3_sell.csv,flt6_buy.csv,flt6_sell.csv,flt9_buy.csv,flt9_sell.csv,average
1991M01,-0.0026178526697366363,0.004537728752761722,0.005497539766511156,2.2589639237303658e-05,0.005721065916090337,-0.0011620283389368897,0.004766810489729292,-0.0031538140486618324,0.0025491821576347122,0.0017956912960699067
1991M02,-0.00145354381689274,0.006756291255627258,0.005310235004645657,0.002081376564895294,0.007229025495687184,0.0006642837749296021,0.007557021974824449,-0.0012646101588061317,0.004220758150711459,0.003455648693958003
1991M03,-0.00043021979482277565,0.008562126486021938,0.005059498987858004,0.003290247442188688,0.00714534464506425,0.0023263366685643177,0.007599788248128185,0.000431209124718627,0.006800039977671645,0.004531596865043653
1991M04,-0.002016290455847624,0.00538017530044772,-0.008169094688600874,-0.0018003592458555883,-0.0009299556841622625,-0.00034672389047195416,0.0029155291827620325,-0.0022445641822019047,0.003504553417211704,-0.0004118589163020833
1991M05,-0.003505050728008244,0.0032767619701575303,-0.0076771852550000285,-0.005380311953322716,-0.005385116497863828,-0.002766963839081919,0.0003887941979967037,-0.0047047347810628025,0.0017706499660185976,-0.0026647952133518563
1991M06,-0.0033155913803551993,0.0038595736482465734,0.0003176270982199516,-0.002543980206453419,-0.004929393030516094,-0.003131532906862742,0.0005997080821500819,-0.004418946710424096,0.0018942546787777052,-0.0012964756363574711
1991M07,-0.0037370791343274462,0.0030516649827315636,-0.002560015339833038,-0.0033481430538018133,-0.0015842246786171841,-0.004101376502864296,-0.00015090584831857403,-0.005122461578226682,0.0013848444778120131,-0.0017964107417161616
1991M08,-0.0022669849763894178,0.005344804022300783,0.006465091685960994,-0.00027830676350304147,0.0063624409797486715,-0.0013177324650550703,0.0021158211922954378,-0.0027485991554965384,0.0028646243526516567,0.0018379065413903861
1991M09,-0.002361420642770973,0.005058367912269253,-0.000838788236734677,-0.0004995068647892756,0.0033000958952342733,-0.001503509140750715,0.00188858600922203,-0.0033181578484182818,0.0026935327726544996,0.0004910222062129038
1991M10,-0.0017524723260037437,0.0060152144968466815,0.002701704097773282,0.0005636289533018984,0.005036074900060906,-0.0005484532035626433,0.0053121296775777895,-0.002313359626924707,0.0033218898223684994,0.00203737297682644
1991M11,-0.0018286690509310714,0.005756322097706382,-0.000668854568074668,-0.0016693759665183006,0.003359399570905577,-0.0007017972412586538,0.0050237196891783275,-0.0024505457289602695,0.0031692343816883987,0.0011099370204150803
1991M12,-0.0020627883035213438,0.005599140981079795,-0.0004067704812164717,-0.0017364473349128543,0.0031880061497164846,-0.000767657679865732,0.004879602806622251,-0.0024980252732101278,0.0030812798921702744,0.001030704528540253
1992M01,-0.0005487737180348211,0.00826559950335545,0.007605992401518416,0.00035012577548624224,0.00787345289150737,0.0016984749399759289,0.007528858747587681,3.556932001760101e-05,0.0063530250847978545,0.004351369438467968
1992M02,-0.0007624551993147483,0.007690252013226727,-0.0012072967347137788,-7.485063421388367e-05,0.003012570280912166,-0.00044043975895777243,0.004833764302388485,-0.0003397384228593448,0.004586975561028723,0.001922086823055175
1992M03,-0.0006553174088197149,0.007753516279234542,0.0004768354420165447,0.00011666749396510015,0.003304061684660466,-0.00026778760773193315,0.004957159558092859,-0.00016673759981452544,0.004644300130977997,0.0022402997747312595
1992M04,-0.0022110805361481353,0.004997087914733281,-0.008316422266354201,-0.005016546444039983,-0.0016684442550355281,-0.003538827968317121,0.0021256043584159208,-0.0028209162112244356,0.0027000083992841694,-0.0015277263342984486
1992M05,-0.0020887252121509717,0.005099904714048635,0.0002885276324572495,-0.002214688475249408,-0.0009995940922838038,-0.002983120849975523,0.0022662021604986293,-0.004398057344631633,0.0027758706761837225,-0.0002504089767892337
1992M06,-0.0013563832421028279,0.006275651989175878,0.0034832298898378445,-0.000878102446761302,0.0011962935633807572,-0.0017532042666829775,0.003448426094360789,-0.0031251861614471294,0.003537255204196062,0.0012031089582174549
1992M07,-0.002493232442610633,0.004168314066441508,-0.006091300326601058,-0.0030124711942917833,-9.393297565431875e-05,-0.0036786475315006774,0.0014496027772240728,-0.00535064013977268,0.0022043254857547654,-0.0014331091423345338
1992M08,-0.0031758825197903307,0.004273841692663813,0.00022870028984774382,-0.0022054373373942534,0.00018363765073640655,-0.0029425754883751513,0.0017738099912371652,-0.004579768006733256,0.0022791533416254995,-0.0004627244873535959
1992M09,-0.0036811301957403006,0.003351253489574112,-0.0028993549876301346,-0.0031581003532384967,-0.0014243528556400313,-0.003796494795575597,0.0008896044550360223,-0.005424593000905325,0.0017027739259434598,-0.0016044882575751436
1992M10,-0.005261927779956923,0.0003515718011473639,-0.009652194891168392,-0.005878440230398806,-0.0038770829962164344,-0.006290854300678873,-0.0009455160902952344,-0.00792935297835412,-0.0001881961915037567,-0.004407999295269464
1992M11,-0.0031025369165577875,0.0011336501661457768,0.002045038983532483,-0.0016995745181340024,-0.002328433072843232,-0.00253430356644318,-0.00012751782571716885,-0.004132144089889727,0.0004210534284332084,-0.0011471963790526255
1992M12,-0.0032388898135764918,0.0008543674739392654,-0.0012459504909092842,-0.001996452070811887,-0.0012936112685903258,-0.002792191679195094,-0.0004034779762507783,-0.004372381676227085,0.0002467381564942488,-0.001582427705014159
1993M01,-0.0014917976914680647,0.0035575872035816577,0.008142708998856723,0.0011070446715507661,0.0077760790692307045,3.004950549203699e-05,0.003971653650123874,-0.0014883857723930667,0.0026312659460564864,0.00269291173122568
1993M02,-0.0016740619730429092,0.003368412587110353,-0.0012705099132668573,0.0001852225255182362,0.0026088854411714557,-0.00029977355093429876,0.003586371417496178,-0.0018079110842145478,0.0023915903803619484,0.0007875806477999508
1993M03,-0.0008416050403826951,0.004725175924305042,0.004000701278529498,0.0017325453037109013,0.005189358013357033,0.001075723501946227,0.005479080996201673,-0.0004078237259023008,0.0032571773756331947,0.002690037069710953
1993M04,-0.0011934280551396561,0.005177251372947654,-0.002083896839029539,-0.0014666040199157533,0.002091568390060237,0.0004550265277354021,0.0037911410001188533,-0.0010186786616914866,0.0034645779534445164,0.0010241064076144696
1993M05,-0.0019383834486228482,0.003818498211904983,-0.004174135188105623,-0.002896248111729896,-0.00031051325805131003,-0.0012952106293007192,0.002454883851308939,-0.0022941853939185317,0.002587528351637657,-0.0004497517349863721
1993M06,-0.0038946919933513027,0.0006548739787543816,-0.01035278689389083,-0.006085608422330267,-0.0062832579472098735,-0.004556680967007197,-0.000717694872894011,-0.0055755670854179444,0.0006187109450920144,-0.0040214114731394485
1993M07,-0.00040085161954270384,0.006462235340239779,0.014292796389612528,0.00280065441191604,0.0039529216366940715,0.001690453797237564,0.004077587044369302,0.00031905204305198494,0.0035191127652785684,0.004079329089873015
1993M08,-0.0009661102917257374,0.005338979029628853,-0.0030917874911883304,0.0016860367650245755,0.00123283186892916,0.0007126363372846689,0.0030369585145167345,-0.0006658721034958613,0.0028374657256600945,0.0011245709282926841
1993M09,-0.0008869618453610248,0.005393703060563268,0.0001050002489070464,0.001801684919239961,0.001446058644551272,0.0008260413772746989,0.0031292674283363957,-0.0005388656858852409,0.002881239135853669,0.0015730185870533383
1993M10,-0.00030131708179177924,0.006347309606018554,0.0027028276845954507,-0.0009170021728798993,0.003274799278254199,0.001798604970234569,0.004193591377603565,0.00046454053881616036,0.003480001049499655,0.002338150583372275
1993M11,0.002031241635130413,0.01069948753225739,0.012143157957166613,0.0034516528402201525,0.010797822622695392,0.005888315976864878,0.008385529980931344,0.004561659656868225,0.006279907020398497,0.007137641691392545
1993M12,0.0037636699493020856,0.01025798740189215,0.009429792075950304,0.006797903141824222,0.00932938655870409,0.009146211881670835,0.007888095300817494,0.007662935320916551,0.00630260658335828,0.007842065357159556
1994M01,0.004969892493880744,0.009550995380282123,0.006622650297334326,0.008283241234868375,0.00768963879824449,0.007731228887188921,0.007151747539316645,0.009802802874006372,0.006011316013977909,0.007534834835455546
1994M02,0.004719895369779561,0.007034123934515083,-0.0005888654196621892,0.003425420526026804,0.00314949189970164,0.007262610607178982,0.004651034594420257,0.009291533265832605,0.004403738003330102,0.004816553642346983
1994M03,0.003399687824810413,0.004667355714912289,-0.006192807475645857,-0.001983136941200089,-0.0009466593844147811,0.004764329953826184,0.002331421821936963,0.006877720769533569,0.0028439858629150426,0.0017513220162970813
1994M04,0.0023433452148526913,0.0027537871163752646,-0.005459221675542989,-0.0036254071078557952,-0.004443442278611864,0.0019987764762050505,0.000410329829991128,0.0016507230728590458,0.0015991390463292337,-0.000307996700599804
1994M05,0.0018154036742757764,0.001793376858815145,-0.002811418006684525,-0.002804773029887123,-0.005669803408362402,-0.0025793775552667726,-0.0005684843057851075,0.0007574735857360901,0.000974540035357855,-0.001010340239089007
1994M06,0.0014759655156682933,0.0011759802763663795,-0.001837531648414512,-0.0025062632868026796,-0.0028894366307046153,-0.0031198302764074448,-0.0012003581270820466,7.652553236271601e-05,0.0005713722219542073,-0.0009170640470066336
1994M07,-0.0008742919574113927,3.773482848058729e-05,-0.003531136758724493,-0.0031431673729755047,-0.0016919653393292601,-0.0037001492337891814,-0.0023957946571331375,-0.001863462669499025,-0.00017871274036774165,-0.0019267717667499054
1994M08,0.0004392839968133302,0.0024617206570184628,0.007527699769669046,0.0007297799957818197,0.004760915611620345,-0.0002302943229898712,0.0004904930534273761,-0.001536815036514466,0.0014185544759417268,0.0017845931334186408
1994M09,0.0019244384405004034,0.0054218034561100675,0.00944679039420006,0.003936200318163791,0.009281456995585299,0.002554997884014135,0.005529540925781812,0.001238722092574614,0.0033350075084653185,0.004740995335043944
1994M10,0.000388632862221858,0.003232663581666788,-0.006204991054453505,0.0015859393353040044,-0.00044899221597878135,0.0005799033512777895,0.002421655755439752,-0.0006976334873851631,0.0019253949260138394,0.0003091747837896202
1994M11,0.0006053266804757916,0.005605803095133545,0.007371868634061593,0.0017370753540352857,0.004096116882404206,0.0027950379345300837,0.004829308218646942,0.001511188126979644,0.0036216102514702547,0.0035748150197485937
1994M12,0.0021744266161823024,0.00879722178978254,0.009761680003273461,0.004215189389224494,0.009493708543419865,0.005695694543573622,0.0077969773784767535,0.004321052181598472,0.006252998299225434,0.006500994304972994
1995M01,0.001142246556727672,0.004774436077614512,-0.0055829877606228635,0.001966047016466174,-0.00011031218980830102,0.0036918963931919977,0.0026465442132532274,0.0024453617950549065,0.0029512299143319336,0.0015471624462454732
1995M02,0.0021614619654779215,0.00679574436969968,0.006329368263226214,0.0017763199435655193,0.003683007540182436,0.0035252174452873077,0.004669887914806328,0.004281338004131799,0.0042473719060628305,0.004163301928048892
1995M03,0.0016814496610254794,0.005728757412776027,-0.002268855294300739,-0.0002661420317251488,0.0018715651105402388,0.0019195738737996524,0.003656497050974429,0.003403280679648191,0.0035662889710537785,0.002143601714865768
1995M04,0.0007550123217125479,0.0038523297674462717,-0.005005496756089711,-0.002203201822278373,-0.001518055312306876,0.00023738073146569588,0.001822697845717871,0.0017303287306390442,0.0023781565687762568,0.0002276835638980809
1995M05,0.0008832228420028888,0.004078516140490291,0.0010529067400525992,-0.0011967102987519166,-0.0010146381282419388,-0.0015195307708806452,0.00206981312423026,-2.4193863954850413e-05,0.002522991130064173,0.0007613752127789845
1995M06,0.002515837842979943,0.007295867356917299,0.00996400935069199,0.00224411810884952,0.00665474871027885,0.0011948166825370048,0.005288790952599789,0.002211454685918216,0.004565552047850134,0.004659466193180305
1995M07,0.005029152179222038,0.011776469266753646,0.015479928851178998,0.007511984207483648,0.012992777004086582,0.005519542183230475,0.00971442896278061,0.00657199544839894,0.0076033364576141025,0.009133290506749893
1995M08,0.0028646037081204766,0.004833035425509908,-0.00515626561593212,0.004742183756774342,0.0001411874351903591,0.003636133003117557,0.0028187321400267515,0.002761013678240901,0.0031643867664451044,0.0022005566997214754
1995M09,0.0028987299202584424,0.005603614775932471,0.002975330135616009,0.0025076998074591763,0.0016289202095522517,0.0043285786429914435,0.0036017637027414336,0.0031711072195639914,0.0036592516388461896,0.0033749995614401566
1995M10,0.004200087870469927,0.008188771715288458,0.008205340092368969,0.0024385440837148315,0.006343251397873279,0.0066455437016569975,0.006164032296284254,0.005444304921414228,0.0053371913471565256,0.005885229714025274
1995M11,0.003437726123197006,0.007370141287452062,0.0023458447487674245,0.0029825753790772023,0.004819085183774267,0.006863442719861218,0.005367595082003893,0.005889271078674916,0.004856690642124001,0.0048813746938813326
1995M12,0.0034684488970696567,0.007218397007107696,0.001987025897335168,0.002605974010972529,0.004588091204210437,0.004525777155202184,0.005240567460344332,0.006210261288333791,0.004780182317926528,0.004513858359833592
1996M01,0.0037027908664022773,0.007285320158941746,0.002277052131854541,0.0006289060971918258,0.004760971406006897,0.002625473086009119,0.00533047772586707,0.006613595435024839,0.00484267286939428,0.004229695530743622
1996M02,0.004544665341454016,0.008472719380545356,0.005671034227055499,0.001805362013128817,0.006904509745721725,0.004072347447656669,0.006523136066211986,0.007879308706650243,0.005655770127767131,0.005725428117354606
1996M03,0.004495792512061898,0.006841333847809857,0.0008677005310371683,0.0013897985871234326,0.003900828844156364,0.003369854087258495,0.004911188925599937,0.005122297399870402,0.004627859456972009,0.003947406021321063
1996M04,0.007008668668791203,0.01157999756079847,0.014113686973269209,0.005555489841204067,0.012335227538864152,0.005299807446513891,0.009621098549817443,0.006880562662986841,0.007831475780266616,0.00891400166916799
1996M05,0.007433099378924163,0.008282675351134446,0.004096843790394003,0.005030911535848837,0.00607309965350045,0.005758149125562861,0.006310076093652798,0.007785840114828382,0.005757883825213823,0.006280953207673307
1996M06,0.004298436937361387,0.004518556299580119,-0.006388767892263053,0.0022427038712848728,-0.0006128506146511319,0.0029912435589475586,0.0025864451190522613,0.00459169961752961,0.00324704728953323,0.001941612687374984
1996M07,0.002422321388815843,0.003255550497499541,-0.0026071169671689903,-0.001708654298532239,-0.0029001812899857593,0.0014815264340611088,0.0013290339031211329,0.0013905419897717953,0.0024111974992036536,0.0005638021285317873
1996M08,0.001783686275622756,0.001991944168091858,-0.002772304834071135,-0.0018575617331185639,-0.005257204774012817,-0.0009573110129326304,4.757402681730607e-05,-0.00016725677099821423,0.0015722593752035296,-0.0006240194754886567
1996M09,-0.00012050183865493507,-0.001098004199485067,-0.008498901637267652,-0.004038159027187155,-0.006613279996881863,-0.003888464808148448,-0.0031953734371026957,-0.003345785436524513,-0.0005082588725680336,-0.0034785254726467075
1996M10,-0.0037313881762729285,-0.005811629196089456,-0.013668482219139355,-0.006388500664879152,-0.013688894367919799,-0.006342915699376566,-0.008462380502960986,-0.0073813349208741875,-0.0038778462615121365,-0.007705930223224952
1996M11,-0.002006686594523354,-0.006174687847020083,-0.0007557099890761873,-0.0018144061332488353,-0.011821928754304888,-0.002493420069427576,-0.008770240545580638,-0.0036812219842026293,-0.0041488356171701,-0.004629681948283811
1996M12,-0.001503355101156112,-0.005497976952165302,0.0021022311201223964,-0.0007530056747650291,-0.004662138680236718,-0.001571730688133423,-0.005335274511134878,-0.002775112127659899,-0.0036196210192781355,-0.002623998181600789
1997M01,8.87752624184866e-05,-0.002348798007128664,0.009629594108316016,0.0025809671031496294,0.00910950868339197,0.0012953140453876384,-0.0008750887145305237,2.5203206538383736e-05,-0.0012898411269853588,0.0020239593956175085
1997M02,0.0006644795548283913,-0.0012058472817962481,0.004220276256939591,0.0038799542149769274,0.005913049377288442,0.002375752308681158,0.0014246416299478612,0.0010712315784858996,-0.0005003580008636427,0.0019825755153875984
1997M03,0.001470956593541526,0.0003770928882708422,0.00587183256320822,0.00523438989741184,0.006955366886095466,0.0039353730559213195,0.005882699182342854,0.0025593229731702563,0.0019290164952167656,0.003801783392797677
1997M04,0.0007904613670090713,-0.0009276342591800994,-0.0035445017783917276,0.0004473569836218672,0.001235090769168932,0.0025882781853294404,0.0032851727481984843,0.0012975755903811281,0.0017393998217350918,0.0007679110475413543
1997M05,-0.0010641788845121495,-0.004526776981662487,-0.011049252100892835,-0.0049655079714633135,-0.0057302693827624976,-0.0008889212103560574,-0.0002651310645311322,-0.0020694639972800005,0.00015967776413816593,-0.003377758203258034
1997M06,-0.002853325117462657,-0.005607414258204446,-0.010137096114370348,-0.005302340259422887,-0.012147925040109541,-0.004516961528246346,-0.003433286123748323,-0.0051791980115716224,-0.0009063938174972714,-0.005564882252292605
1997M07,-0.002996207300273452,-0.00646061064834402,-0.0058495670988625735,-0.0039426608855849705,-0.013334172947096781,-0.004074418176349634,-0.005369621205225786,-0.0051952962178948795,-0.002161126232151435,-0.005487075634642615
1997M08,-0.0020390043384571218,-0.005109879124395928,0.0005435279218842374,-0.0016124918791232232,-0.005983541878975258,-0.0022282433080417423,-0.005191640376948308,-0.003397073407435885,-0.00207669810470338,-0.003010560499577401
1997M09,-0.0018064530854742223,-0.0029680998470616206,0.001493114409642143,-0.001143616343762401,0.0007978793252166254,-0.0018380042690645422,-0.004710758127046081,-0.003001805067774842,-0.0017945095873753251,-0.0016635836214111406
1997M10,-0.001535620629962812,-0.002481005453201033,0.0017741928992466155,-0.0005825682088445863,0.004277130399167584,-0.0013766182943266273,-0.0029585065003024944,-0.002538406742556047,-0.0014682882870091086,-0.000765521201976501
1997M11,-0.0007927432961969455,-0.0011196186689242937,0.004708564341978044,0.0009479753748694198,0.005993010761522109,-6.816634144477625e-05,0.0015675592719347187,-0.0012497802092707989,-0.0005795855261122814,0.001045246189817244
1997M12,-0.0015463452880546927,-0.0025190952432059847,-0.004266583314209359,-0.0011942357048811709,0.0007752757355799556,-0.0014291777291461382,0.0027420287959830612,-0.0025695852050001194,-0.0014812412228186128,-0.001276551019528118
1998M01,-0.0019383711444250287,-0.0032389999626971974,-0.002096111342149305,-0.0025095113340513923,-0.0006069671152659837,-0.0021351477351618485,0.0020453128361787344,-0.0032484831412579736,-0.0011905488469134396,-0.0016576475317492706
1998M02,-0.0020066697661998726,-0.003367748210515862,-0.00023915082360344959,-0.0018407659289403277,-0.0008932412997734551,-0.0023456696637993595,0.0018920208453886804,-0.0033679544877798077,0.0007767434785938957,-0.001265826206292173
1998M03,-0.002685704172840973,-0.004639541746093318,-0.0038841842569978546,-0.003210114180554438,-0.0006906843812061452,-0.0034693439746753996,0.0007210336858926858,-0.004523957193021468,0.0016029778715863298,-0.0023088353719900646
1998M04,-0.0011566213336127726,-0.0016635828098602763,0.005500206755507085,0.0002580794249006399,0.003720026202462392,-0.0006812639266101123,0.0022084199312468827,-0.0018090786504099095,0.002617508725883448,0.0009992993688341528
1998M05,-0.0017264893739467242,0.0006499795306577332,-0.0031911407101225067,-0.0010241665314022863,0.0012850365224091186,-0.0017065673725954315,0.0012150257312589963,-0.0028008160941107654,0.0019221949323898289,-0.0005974381517180042
1998M06,-0.0034200213662044557,0.00035050707581536257,-0.009566405079486199,-0.004668190665931786,-0.004333209774470127,-0.004677814587135886,-0.0003220553046041799,-0.005687945741299659,6.776929030394806e-05,-0.00358415179477922
1998M07,-0.0027537684581575334,-0.0005031446112513105,-0.002745134674356195,-0.0029056789075428855,-0.0059526632024611455,-0.003299244439459889,-0.0006765590158241915,-0.004356394885892676,-0.0004681902495510832,-0.002628975382721879
1998M08,-0.004675060886192657,-0.004319654109763343,-0.012645921204637388,-0.006796398667135476,-0.011501116254363154,-0.0065299050771564175,-0.004268817429413169,-0.007474305463380772,-0.0029352021862886755,-0.006794042364259005
1998M09,-0.002871026339483386,-0.004583906291132008,-0.001072750496966013,-0.0025010454727316957,-0.006360018494018871,-0.0030933310436872274,-0.004513962783289768,-0.004181278187333767,-0.0023055505481933028,-0.0034980966285373376
1998M10,-0.0020806451169531723,-0.0034831880028407163,0.003251622774241127,-0.0008379471771349399,-0.002722817328196253,-0.0017241684478877658,-0.0034416994117274224,-0.002848380153498088,-0.0013057711265563412,-0.0016881104433948413
1998M11,-0.0006026439875765053,-0.0009198054145499648,0.008387002075200795,0.0023490686364501714,0.007741726284939618,0.0008577498059493577,-0.00015598598599771184,-0.000345694537571183,0.00030676765308613454,0.00195757605888119
1998M12,-0.0021006644243475995,-0.0022635448950821518,-0.00865359444579085,-0.0009902573603105206,-0.0019410085895607103,-0.001813150072413114,-8.804437206654881e-05,-0.0029163488560856633,-0.001333893937506954,-0.002455611883684901
1999M01,-0.0018241962806019247,-0.0013434409863497618,0.0013598038346734082,-0.001466706836017156,-0.0011084097161804148,-0.0013488059578401345,0.0010240820502772858,-0.0024557132172456225,-0.0010398809410669388,-0.0009114742278168064
1999M02,-0.005089837128613051,-0.006770874983908985,-0.01748371654719182,-0.00832094524915997,-0.01114473576910171,-0.006955621005115727,-0.003362117484178293,-0.007903489034751288,-0.004023183459599299,-0.007894946740180016
1999M03,-0.004924953649822183,-0.01004296305799208,-0.01015789576834167,-0.0063785911223842515,-0.013047144514842613,-0.0063121874375694775,-0.006219360109738812,-0.007270403224420253,-0.0045244060769312824,-0.00765310055133807
1999M04,-0.0040960262146132916,-0.011390213794259516,-0.004635831450619209,-0.004285169791332318,-0.015457197771938564,-0.004671422175031159,-0.0074759490937575425,-0.005705296167792297,-0.004952257613161322,-0.0069632626747228015
1999M05,-0.004894749184927061,-0.01300772877371115,-0.008071895478295451,-0.005779729899345559,-0.009869727437175683,-0.005928216049164212,-0.009942819213092039,-0.006905315733590485,-0.006474383535232207,-0.00787495170050376
1999M06,-0.004904991622121488,-0.012297565914237212,-0.00712661453954113,-0.005521368229232363,-0.008065308539227984,-0.005772535125134346,-0.010088335068214074,-0.00676024773581649,-0.008180940460207757,-0.0076353230259703165
1999M07,-0.006537126615988724,-0.016400465452010838,-0.014010729295075068,-0.008603413102685972,-0.013629387167049792,-0.008355664792602824,-0.015029770214935595,-0.009203157339491211,-0.012222914529453824,-0.01155473650103265
1999M08,-0.0015745423117762202,-0.0104151840845851,0.010973229182642959,0.0018583591213628134,-0.0016837930818527623,0.0002020778594628062,-0.004742910137378032,-0.001084638532718508,-0.0075700280839933656,-0.0015597144520928233
1999M09,-0.00029964259288045147,-0.00792293443925766,0.005943903368862129,0.004612264773851465,0.005706753127698775,0.00239881901269202,-0.0003341881161266205,0.0010021380282679215,-0.00432147000197026,0.0007539603512374802
1999M10,-0.0007943736203993002,-0.008667905404213777,-0.0031494085937337985,0.0034444268793408267,0.0009928056040149117,0.0015098449381080866,1.7833720323082516e-05,0.00017601881825731434,-0.004851621657982721,-0.0012580421462539309
1999M11,-0.0016955600513744783,-0.010132125114672218,-0.005305884616416023,-0.0031005926968541092,-0.0017088874205788305,-6.733529481728817e-05,0.0006248249670202954,-0.0013142480251868258,-0.0026601900627710655,-0.002817777590627838
1999M12,-0.0022433860580411565,-0.008916029914303857,-0.00352602941040014,-0.003964167739079436,-0.0033416387095943916,-0.0010162708367830301,3.2273180162578196e-05,-0.002217460926442235,-0.0014442874704269372,-0.0029596664316565114
2000M01,-0.00043684715151951804,-0.005760175430905325,0.00858310108724983,0.0008732941522242867,0.0033951234612538033,0.0020606283287895213,0.002551567386991336,0.0007340730442172523,0.001196340805299327,0.0014663450759556127
2000M02,7.162936565159074e-05,-0.00024375224777715455,0.0020980837048286322,0.0019311089221090367,0.003953075602565836,0.00036422711710788975,0.0032819612742974427,0.0015717943981927197,0.003093063360684461,0.0017912434997400504
2000M03,-0.0005610028611760464,0.001388945743911441,-0.003852435034063131,0.0005897422963355146,0.0005490189026250295,-0.0007421234750059499,0.0018613983897632878,0.0005119786043905079,0.002159371415548412,0.0002116548869254517
2000M04,0.0001429699288274123,0.003538149860820269,0.003101935600981081,-0.0011966132966312005,0.0026462397291463517,0.00048630621958334905,0.002868413238405232,0.00167433619515812,0.0029136584568778424,0.0017972662147964949
2000M05,-0.00040187108353815235,0.004249598555236334,-0.0033662482480454115,-0.0023261212438620135,0.0007944083224239314,-0.0004664755513795033,0.0019587204231665545,-0.001669508415441781,0.002217871600382113,0.00011004159543800791
2000M06,-0.001508353745676432,0.0025241273100452496,-0.006367614810985712,-0.004652420776438847,-0.0025058054112378314,-0.0024007578565629238,0.0003725039872432821,-0.0035118376453373836,0.0010272810968745992,-0.0018914308724528887
2000M07,-0.0032369304048619034,9.17203590433506e-06,-0.009683909355189969,-0.006434282520439904,-0.007604316435487335,-0.0065709247347762005,-0.002000979375631005,-0.0064168368800858865,-0.0006993020968963119,-0.004737589974162687
2000M08,-0.00344082096267551,0.0003500660056957273,0.000515913850140475,-0.0023572852734801623,-0.005247964032176613,-0.0032187754301687527,-0.0016591309212907377,-0.004308051127903451,-0.0004602999867272606,-0.0022029275420651427
2000M09,-0.0023660961858782623,0.001814377344927739,0.004645419270282584,-0.00019263499394355866,0.0009455076762961915,-0.0014147509051745432,-0.00024750040487317177,-0.0025593207503759857,0.0005495121592982467,0.0001305014678399155
2000M10,-0.0019569790239842948,0.0023796993110430857,0.0014364246279129505,0.0006420482067404213,0.0033885029827450024,-0.0007266751627700747,0.0002945730116452705,-0.0018910870405029739,0.0009410106447847635,0.0005008352841793501
2000M11,-0.0014401214840023685,0.003118480466838735,0.002085858932148925,0.001245204214567378,0.0037651687479064245,0.0001573027271958424,0.0016947582505008598,-0.0010386626763516766,0.0014528576602272833,0.001226760759892378
2000M12,0.0003542162122657827,0.005881664541159799,0.009209647447634037,0.0031296622582362905,0.007834830540996311,0.0033326380412993352,0.005158859354412687,0.0019751910179621832,0.0033708719054663136,0.00447195347993697
2001M01,0.0003658842670498713,0.004957922907236011,-0.00038968961102262283,0.0023248866995411598,0.002485329306896625,0.0033342857513701044,0.0027218435697728845,0.0019877477117701504,0.0027574771496190367,0.00228285419469258
2001M02,-0.0001428722740269982,0.004088034529373772,-0.003241286879874573,0.0001270697554186075,0.0008670492088791656,0.0020055643751411925,0.0019381316958562112,0.0011156979224364195,0.002159289614059417,0.0009907419941403571
2001M03,-0.0004980939866272055,0.0035023841448172293,-0.0024481132183253778,-0.0033663957212183935,-0.00023029498959328213,-0.0002810338955485732,0.0014116296820847695,0.0005077825551412177,0.0017604159331596854,3.9808944876674416e-05
2001M04,-0.0011100650259592316,0.002541148962424151,-0.0038908828618704925,-0.003969353861290753,-0.002110120868403526,-0.0020010762623333123,0.0005280147824815421,-0.0005306301017944733,0.0011034640074579544,-0.0010488334699209046
2001M05,-0.00042212833151210067,0.003557905624830133,0.0031918387961686182,-0.0011248358467609457,0.001489084399555422,-0.001603613577413595,0.0014938364833625487,0.00025788373377026285,0.001808131017633605,0.0009609002555148832
2001M06,9.062745416973939e-05,0.004323244311199461,0.002316321367524305,4.392477647886719e-06,0.003913763243290497,-0.0012024865468729432,0.002223922896476612,-0.00043805193387105347,0.0023448947432059943,0.0015085142236411662
2001M07,0.0038475736797981457,0.010444727801644904,0.020494733082687806,0.00832448011969979,0.014384511010434201,0.00529022864162617,0.007932756476494194,0.0052645699610714535,0.0067101934211825365,0.00918819713273769
2001M08,0.003311844046254772,0.004711368566004892,-0.0017223927221311447,0.006052965439843324,0.001802272592840526,0.004734875960563028,0.0025466277220427633,0.003965305706875413,0.0027405962275480083,0.003127051504426843
2001M09,7.456253694616225e-05,0.0010370398094248388,-0.012979362813165063,-0.00016072242909883619,-0.0054105277350188705,0.0006591070938323992,-0.0008570125330332884,-0.00044955503911139243,0.00017732798340362472,-0.001989904791757825
2001M10,-0.00279952345058332,-0.0029217557659119205,-0.015526264911446484,-0.007659716712626048,-0.013948272152139668,-0.003692221061577955,-0.004707966750154444,-0.004850201635202694,-0.0025875290415792655,-0.006521494609024645
2001M11,-0.0014739666708430035,-0.0004017588405952248,0.008571588221680294,0.0008030199041801399,-0.007231196424670799,-0.00032056895255301457,-0.0021380802047007374,-0.0013959798165599953,-0.0007880039162160325,-0.0004861051889198193
2001M12,-0.0014393397095075642,-0.0003579606990773412,-0.0003016398278043723,0.0008534453243712035,-0.000425761461122482,-0.0002735370710052229,-0.0020856582328202576,-0.0013428815103807721,-0.0007553991565041954,-0.0006809702604278892
2002M01,-0.0011240033874210932,0.00012180526380772393,0.0013143384080309996,0.001469965519128855,0.0032453140964985422,0.00024715429553135576,-0.001617392998791402,-0.0008072597484026869,-0.00042361889446411623,0.0002695891726575754
2002M02,-0.0017805492612736442,-0.0009062179878343837,-0.004222627290394896,-0.002860501291635843,0.00019875397230170646,-0.0008698697937679061,-0.0022387006946499987,-0.0019413635538718665,-0.0011268547240575058,-0.0017497700694649265
2002M03,-0.0010421706727747535,0.00022529764147359577,0.0036687786192518695,-0.0007867201644111081,0.0024752139929720128,0.0003577259272226946,0.0017943546522313524,-0.0006813760676950939,-0.00034577380139396915,0.000629481125208511
2002M04,-0.001350421784526168,-0.0002648488325146031,-0.002218815909288832,-0.001402288129006177,0.0012710363725363535,-0.00017455530799123393,0.002008385365005633,-0.001218777394614836,-0.000677954148827052,-0.00044758219658076845
2002M05,-0.00042861772071583126,0.001170827478859804,0.004809267976532678,0.0004144900861809374,0.0041792768810209125,-0.0006080030395157919,0.0033785336444406666,0.00036950802158564316,0.0005451693451961098,0.0015367169637316809
2002M06,0.001010465523066135,0.0034766380901263922,0.00809150393426332,0.0025585209592232515,0.007049348831058108,0.0018662984543570032,0.004831032891411663,0.0028879778313161577,0.004100062986544728,0.003985761055707418
2002M07,0.0022651919438118296,0.005531099172234723,0.00713302122296,0.005186004282112817,0.006635574115500962,0.004036582690848784,0.004791594724087426,0.005104143222400175,0.004189144857189339,0.004985817359016228
2002M08,0.002835659057897781,0.005813029050876558,0.0031393402828892173,0.004592481855170158,0.004463598969796782,0.005025329000553365,0.0038327585917972877,0.004044654188455463,0.003561263381935349,0.00414534604215244
2002M09,0.004466014489704879,0.007587492866158023,0.008936125791842678,0.005056324273772968,0.007791815583538744,0.007207008994342959,0.005544096481168095,0.0068170013642715205,0.004877996387783839,0.0064759862480648555
2002M10,0.004425018283219834,0.005134248537794954,-3.534787678463796e-05,0.0024400609374462456,0.0027768871482113304,0.007105719958036003,0.003156725477485288,0.00675290578369142,0.0031766500536660972,0.0038814298114185036
2002M11,0.0028803335039865935,0.004520807937628231,-0.0020206767593865674,0.0005658257229539344,0.0016440866748148077,0.004857938002498355,0.0025841349346695376,0.006058550700994982,0.0027434620117158222,0.002648273636652855
2002M12,0.0038059111893066493,0.005996916035482789,0.0051447287061255256,1.0292846152874183e-05,0.0045851970362785505,0.004041717899443794,0.0040290440434345015,0.0069852466017272675,0.003808328291691341,0.004267486961071477
2003M01,0.003686126191091771,0.004952821242134482,-0.0004923807332146259,-0.0001625295122340629,0.0025038812066411342,0.0017868670091258248,0.003023290418648039,0.006759318231832623,0.003080917016428895,0.002793145674494898
2003M02,0.0032683170000356405,0.0043067028732033455,-0.00213923953776215,-0.0009270259004418092,0.0012951396261872724,0.00022039881330137168,0.0024151881360869945,0.004523465163517475,0.002622854092853994,0.001731755585220237
2003M03,0.002553013283230735,0.0037591928967392212,-0.001882243260572632,-0.0024903783204584373,0.00025636984487690823,-0.0022961253897079365,0.0018978103982140206,0.0015674844632362589,0.0022365299972934853,0.0006224059903168471
2003M04,0.0020545534159170796,0.002960578247121239,-0.0028626077889457526,-0.0028677436316751487,-0.001051509685748562,-0.0031309337319582594,0.0011296407026387236,-0.001301528551519608,0.0016721746252993377,-0.00037748626654121684
2003M05,0.0011719582971380523,0.0028436806719871876,-0.0004624349606321208,-0.00201564875895822,-9.689369604194047e-05,-0.0026520900626397156,0.001025350164773791,-0.002320466576416702,0.0015923953161881995,-0.00010157217828905206
2003M06,-0.00030651334408932866,0.0025256195069315894,-0.0012095981147022892,-0.0022846331995403776,0.00028386234201523836,-0.002870553824074619,0.0007217552273843094,-0.0039215523318785325,0.001369601376144268,-0.0006324458179788601
2003M07,-0.002426584239350839,0.0008964001917666389,-0.006128401586125764,-0.004110467837094105,-0.0015559490260064679,-0.004394359826566913,-0.0007705758668967609,-0.005422047427676845,0.0002160868987708315,-0.0026328776354644693
2003M08,-0.0016128904732044891,0.0023185327798712066,0.005125254312940948,-2.617479235913784e-05,0.0016381355643666118,-0.0010201872670241288,0.0011962166330792173,-0.0020852608434684685,0.0012269200881463843,0.0007511717780386827
2003M09,-0.00025189509215060987,0.004538185558903226,0.008103145835418954,0.0029162421168253535,0.006856437496567739,0.001379776792927502,0.0038659326311562556,0.0002959991620787618,0.0028007898910255326,0.0033894015991947457
2003M10,0.002786989400498443,0.010156480257253882,0.02002185651473519,0.010361134667428717,0.014182363487367435,0.007080128691322553,0.00868372238246689,0.005785899696697856,0.006979188351021499,0.009559751494310272
2003M11,0.004523629131367998,0.008545457899919855,0.011287257339293357,0.013153477917401351,0.009496535325318025,0.010576176497922703,0.006735432749253117,0.008945681395643883,0.0059217989925587425,0.008798383027631002
2003M12,0.004252253397720794,0.005168836243976356,-0.0010657276222665168,0.00898431986835229,0.002472828123841252,0.00984755438659867,0.0033072553201615885,0.008406284276319117,0.003448148173814469,0.004980194685390891
2004M01,0.00579879253829838,0.0077778117020450965,0.009401494891718147,0.005354782988665235,0.0077217321361254965,0.012927359381165831,0.005945995720314638,0.011151565891015706,0.005408996990176665,0.007943170248836133
2004M02,0.0075997220697755314,0.008562697809815143,0.010121923680267476,0.0056105947669833935,0.009004408699373316,0.0148092207773017,0.006723022487485483,0.01425077009507881,0.006077158200456326,0.009195502065170799
2004M03,0.010841344762940113,0.010545669093823153,0.015842154890510416,0.01187618192608117,0.012493699454141102,0.01820209650331399,0.008719359187882941,0.01966257995947508,0.007720994391379473,0.012878231129949716
2004M04,0.00983785765061571,0.005376342032591168,-0.002186154368900884,0.006844372821873333,0.002045771771287817,0.010023472405200677,0.003419211597669178,0.017680805855801167,0.003769010412032822,0.006312298908685665
2004M05,0.007186172295526866,0.002237940448610054,-0.010253376387504403,-0.0009241125983337689,-0.004188825800653023,0.0035481111403304804,0.00023007229233099578,0.011651807181272053,0.0013690822126438506,0.0012063189760247893
2004M06,0.005212197444290197,-0.0005929443738810561,-0.009827878020719698,-0.0052348600415264325,-0.01012773418383987,0.0005998721432149252,-0.002732195211015179,0.006470462385134924,-0.0008032571507062243,-0.0018929263343387126
2004M07,0.004002436632796031,-0.0026530509909486293,-0.00717523800565163,-0.004429096404775674,-0.012952263003421595,-0.004051615077570811,-0.004959850650818411,0.0001430621417965361,-0.0024177452812259017,-0.0038325956266466754
2004M08,0.0024189815091962283,-0.0045222638655871795,-0.0064674898678395215,-0.004280633604282827,-0.010642696702902485,-0.004328898005611243,-0.007027772578768781,-0.0034816959677426277,-0.003918457093895336,-0.004694547353048197
2004M09,0.0012669361085757812,-0.004905625882300362,-0.0012294979947688306,-0.002377167955553326,-0.0055216530254187796,-0.002908784051100635,-0.0074059660633908325,-0.003077524727341727,-0.00422257733664504,-0.0033757623253270834
2004M10,-0.00163380957497263,-0.006465196764038896,-0.005306104852531671,-0.003931767090940063,-0.004436043359249183,-0.0041090371536758015,-0.008322309281688315,-0.00404263493473905,-0.00550719938731344,-0.004861566933238784
2004M11,-0.0017506839453817224,-0.00676654243275103,-0.0010704290352239302,-0.0023790671274571172,-0.001314185334828982,-0.00294596688033083,-0.0054595381331305,-0.0031368037630131037,-0.005742423599426592,-0.0033961822501715343
2004M12,-0.0014029924454086902,-0.006218050261562559,0.001768293078996523,-0.001309837633979858,0.0004478102515369036,-0.0021249714891003325,-0.0019946116603439296,-0.0024802144068427766,-0.005258140664642796,-0.0020636350257052793
2005M01,-0.0012314287671431805,-0.005778266037850619,0.0014755314798921514,-0.0008143493832312827,0.004103500009751904,-0.0017394053150568962,0.0005047568669790999,-0.0021666609313944433,-0.004301690346828409,-0.0011053347138757416
2005M02,-1.8772439234583833e-05,-0.002909132716984333,0.010286552466928377,0.0029407135513927485,0.009247107625520626,0.0011081992788893272,0.005299116838362161,0.00010154762997803199,8.77352555919979e-05,0.002904785276716039
2005M03,0.0015915134979418047,0.00087824324578477,0.015047242486221713,0.007870575971229844,0.012175118679794053,0.0051325891875459,0.008377642088151678,0.0032386305556371094,0.004893130333439638,0.006578298449527391
2005M04,0.0005934736882462642,-0.0007318128089804097,-0.008558530814623556,0.0037637195181349954,-0.0016442863087944223,0.002545037743076767,0.0014727456925765826,0.0012605160508097476,0.0021270916401700483,9.199493340177957e-05
2005M05,0.00030531303829726877,0.0013027699141765084,-0.0022786401503905474,-0.0007081227915050862,-0.0031544012518838426,0.001820143888970613,0.0007177503213102749,0.0006958477879851666,0.0016172779181729876,3.532651945926035e-05
2005M06,0.000114114717775991,0.002200838281634663,-0.0014240966995151083,-0.0022903393530469504,-0.0041465007014081946,0.0009281352705959641,0.0002201741298463178,0.0003232351803142829,0.0012822442750888628,-0.00031024387763490787
2005M07,-0.00010222664056436476,0.0016926660923160465,-0.0016622300828451537,-0.0023895606479216853,-0.00014213447334542745,5.962076730836943e-05,-0.00034012660546065216,-9.635888751451322e-05,0.000907387851323045,-0.00023032918074492614
2005M08,-0.0005932388342007723,0.0005688129728198058,-0.004101221222924597,-0.0033054645685743583,-0.001200045667543571,-0.0034995942508949636,-0.0016017779480981768,-0.0010404719411770712,7.338828629503084e-05,-0.0016332903526998525
2005M09,-7.79179935789132e-05,0.0017226441162610235,0.004713199857400067,-0.00010175969758330588,0.0024169211632258086,-0.0010892774327957097,-0.00028300721620298655,-0.0003782427105375394,0.0009337729426580565,0.0008729258920940555
2005M10,0.0005127506029916544,0.0030913026243120554,0.005601731095192954,0.001827460549960823,0.006555915547444943,0.000358579674096192,0.003711006731194079,0.0005131461474212795,0.0019473322563206752,0.002679913914326073
2005M11,-4.9622741768630494e-05,0.0017576154368070147,-0.004790019726758706,-2.5157669788094823e-05,0.0004752351158692036,-0.0010169773337822014,0.0024148910607431047,-0.00154104041790084,0.0009650736015948914,-0.00020111140833158428
2005M12,0.000624941231576852,0.003689868050032889,0.007706695312863592,0.0011237301221787975,0.004848912646626529,0.00101178062310182,0.004575875169060623,9.728114845754992e-05,0.0023917644847680644,0.002896760976518524
2006M01,0.0010278300463490416,0.004954037337286538,0.005174085830559824,0.0028056974295030688,0.006313671553836919,0.0023118080458202966,0.005329394113525509,0.0011348649609914875,0.00461942737944839,0.003741201855257897
2006M02,0.0018442059746852568,0.008110405153273973,0.012125126466736165,0.007133498548902322,0.010490734059234692,0.005480824253202711,0.007516817794091458,0.003620093377100949,0.006178791839494803,0.006944499718524705
2006M03,0.0012556607378543115,0.004228358322223264,-0.004808707481392713,0.002421768034024107,0.0004801781034295431,0.002824801222676818,0.0025272476892309217,0.0024547210425978094,0.002836423077803037,0.0015800500831607887
2006M04,0.001079432796409803,0.0037883285680883057,-0.0011620225419728901,0.00016718908799586243,-0.00045186894891757843,0.0023316152728616005,0.002053440934301822,0.0021072130111966054,0.0025118945433240825,0.0013805803025875125
2006M05,0.0021548589737936967,0.006419188714427084,0.010284673388820548,0.002100934576159717,0.005384230311243464,0.0050117832870921145,0.004970841493553611,0.004230630462389593,0.004476399271443764,0.005003726719880398
2006M06,0.0010421324151445536,0.0028982382331591023,-0.009372196351966565,-0.0015274098029885341,-0.002321656821551391,0.0003709191751182211,0.0011021111187727397,0.0011521330784225446,0.001865384601031827,-0.0005322604838730558
2006M07,0.0015549771048465606,0.004142031399426606,0.005062906108031852,0.00028716900480778773,0.0005078961305121348,0.00044553018767627076,0.002493855709753714,0.0021217157072894793,0.002785537596856124,0.002155735438800059
2006M08,0.0013908681375494054,0.0037351566569541776,-0.0009755552161058643,-0.00023814146388635412,-0.0003513967791833354,-0.0010578150346126354,0.002057189186462476,0.0018029640538786114,0.002487601688753021,0.0009834301366455
2006M09,0.0009083596928916471,0.003558159949639223,-0.0001617592442176573,-0.00045579560361580724,0.0022750230123114177,-0.0012166866310316133,0.0018724955484366356,0.00021630045649328805,0.002359299811424167,0.0010394885547034781
2006M10,0.002167843641261739,0.006723025756573833,0.01202402150900435,0.002878544204254942,0.009336875911522829,0.0019488493815771493,0.005371216875206093,0.0018024668085722447,0.004704404483934437,0.005217472063545291
2006M11,0.0036035218457561445,0.009115218377320492,0.01319323405844943,0.007541350100426162,0.011369640341985307,0.005300465936523934,0.00796595049902438,0.0036248223964341483,0.006552386140083235,0.007585176632889248
2006M12,0.003012305034853357,0.00608773245926549,0.0018067048434235262,0.00791630417665269,0.0044702221309318585,0.0055904053237306765,0.004595207802922714,0.0038643052838653676,0.00432099064676538,0.004629353078045673
2007M01,0.002818007984454075,0.006425063913711448,0.003043639633130526,0.0046008854901442645,0.005222647549457126,0.00554321681986274,0.004975658739580847,0.004373482573168468,0.004585570452343445,0.004620908128428105
2007M02,0.0034310395941540353,0.00832136363678139,0.009567551755087713,0.0034237319626793557,0.00925140878551722,0.008045724973989712,0.0070509279669775556,0.006352754781519686,0.006050641965319927,0.006832793935780733
2007M03,0.003276174407301584,0.005591593196031445,-0.00034508804076364063,0.002577345729571172,0.0031865189366124323,0.007620565665442238,0.0040287245097693075,0.006044208866390503,0.004003118525614142,0.003998129088441021
2007M04,0.0031749976122860675,0.0053682733344026425,5.025645055985238e-05,0.0014510912472472759,0.0027603245418005968,0.004354003246806978,0.0038006862500501674,0.005298515364124576,0.003836871333134986,0.003343891042268127
2007M05,0.0042643622916851325,0.007870422527082787,0.00956756887865623,0.002196872691746193,0.008197089505032323,0.0035464700426074748,0.006559417359921606,0.0073150557784753,0.005749861355123433,0.006140791158925609
2007M06,0.005983191359741085,0.009641365746994828,0.013380461317000943,0.006873961264391222,0.011697066218465928,0.006669645695877829,0.008468583056341128,0.010393140085764082,0.00717893665409223,0.008920705710963255
2007M07,0.006598940079078394,0.008038226905833338,0.007131636210326178,0.009279495410894551,0.007926391015788391,0.007789409550689524,0.006653132212840471,0.009353138611257725,0.006000690998643863,0.007641228999483603
2007M08,0.007250679593895747,0.0076060183296341784,0.005379358096628534,0.007679661563736668,0.00687558598827303,0.007130964925668484,0.006159842951452759,0.00760671423957937,0.005692762044139087,0.006820176414778651
2007M09,0.010041356615973291,0.010992118427829933,0.016423717127815332,0.009150901414057666,0.013805328085238726,0.011746732880197695,0.009866254695041581,0.011252634902746828,0.008407519748459439,0.011298507099706721
2007M10,0.010509601370008982,0.009867639066621591,0.011659559407222398,0.011091156279507634,0.010971143121471079,0.015177017831120885,0.008561408548116973,0.013537690724227901,0.007609251738362876,0.010998274231851148
2007M11,0.010770013168508273,0.010113263214113606,0.01183712499264607,0.013891901494584063,0.011171193329233121,0.016155886319590106,0.008790999051293106,0.01478671990381469,0.007869164143208358,0.0117095850685546
2007M12,0.012801230567749344,0.010388708803548447,0.012125033320792324,0.012310094510468836,0.011438889139699506,0.016040227828706007,0.009054921037262421,0.01795073713435673,0.008152431540501662,0.012251363764787254
2008M01,0.01681558089827177,0.013052608558096705,0.020002824512577115,0.016310811446880253,0.016504121863731062,0.02095225651928773,0.011965725679717435,0.02414217843268016,0.01042898841493283,0.01668612181401945
2008M02,0.023299970156583125,0.016519909558971143,0.029669055932563956,0.02539506352762777,0.02279405095905319,0.031211481443215127,0.015773970012225597,0.032215111354342386,0.013536038104314715,0.02337940567209967
2008M03,0.029792914800447948,0.015099828239463636,0.02326568947920916,0.031603248345691635,0.019054268667064087,0.034672684262441134,0.014085139748214093,0.03627297823314023,0.012519609099114431,0.024040706763865147
2008M04,0.031593768518058285,0.011646051109153472,0.011305839293840561,0.026496031869420136,0.01166013558981406,0.03343156977649529,0.010105383060259873,0.0363954211549304,0.00959866312369761,0.0202480959439633
2008M05,0.027080868714231682,0.008463334336985016,0.0009910871314435996,0.012271708039983458,0.005178018794908396,0.027285752715955475,0.0064892481421150675,0.03232167322817258,0.006858299859495789,0.014104443440365674
2008M06,0.02635961775126625,0.011554244414217037,0.011690790865717936,0.007283568554846539,0.01143263574301021,0.026688981058930188,0.010005695957127738,0.030115369407842988,0.00954242839343087,0.016074814682932193
2008M07,0.02129013922140612,0.006248511551959891,-0.006022441367408533,-0.00014643756636192786,0.0007281308186633485,0.01639887078054685,0.0039946528918156955,0.022873257613246895,0.004961507686479755,0.007814021292260897
2008M08,0.011989715593009579,-0.0034645789554488687,-0.031124843515135166,-0.014875363911504144,-0.01957664753548899,-0.0016471591164391394,-0.007188664210001531,0.010452488462285723,-0.0034327080471713393,-0.006540862359543764
2008M09,0.0062799477132048495,-0.010255125199146706,-0.021421908414604025,-0.011983485419687991,-0.03462862613845465,-0.007853401869121599,-0.015454194704513813,0.003452038448565285,-0.009541776561741657,-0.011267392460611146
2008M10,-0.0011784915316198148,-0.032057831139408285,-0.06655681633440026,-0.0337652999447524,-0.08030745323310914,-0.021175426003327804,-0.044095761019440925,-0.011505020184934357,-0.03074692380027432,-0.03570989146569637
2008M11,-0.003134473685189234,-0.0417700559586271,-0.02454118077756478,-0.01531718092803588,-0.07036279218985256,-0.010850486424206034,-0.05584240882950176,-0.007127231332390109,-0.040687923831995695,-0.029959303773040347
2008M12,-0.002519941139973651,-0.045681757104959746,-0.013517349167782173,-0.010147754087471405,-0.05996453739269979,-0.00791921954664195,-0.05872615673529258,-0.005488213250613043,-0.04439995045081819,-0.027596097652916946
2009M01,0.0014613250684594467,-0.028510490812721237,0.029087455738630065,0.01073940347773987,-0.00044067112715975246,0.004639529323062041,-0.03181596442721588,0.0022662881723128957,-0.026010951263644798,-0.004287119538948595
2009M02,0.001100204004726196,-0.028485306396631153,-0.0030193828472580586,0.008689343453804864,0.00287770446914399,0.0034537947638856644,-0.021825217647558993,0.0015469017910821948,-0.025848703070231644,-0.006834517942115216
2009M03,0.0009393229196598835,-0.027581963336158206,-0.000840792815857508,0.007783628991259725,0.0019481561980004437,0.0029307061755439686,-0.015367915135903694,0.0012291767723626701,-0.024828040161390348,-0.005976413376942564
2009M04,0.0021690885874362876,-0.02133922024533754,0.014478891927784983,0.0038405401956338892,0.009214759669692535,0.006969063340251568,0.004826584676675704,0.0036917376940068967,-0.017013979975261904,0.0007597184300980465
2009M05,0.004298592911266342,-0.013629322310273077,0.024883031334672873,0.01563855171520409,0.017818972714512687,0.014160074527899693,0.011435039222541448,0.008016936406177448,-0.004853867804382718,0.0086408898575132
2009M06,0.004399365746231866,-0.012959929453631983,0.002347646455515575,0.016132598217260576,0.005850996620141676,0.014414930905315242,0.005893618449409185,0.008210048017423761,-0.0010528620144836381,0.0048040458825758066
2009M07,0.002682343689338427,-0.015646240921577504,-0.017470025681395763,0.00031044655361523116,-0.004738352587025757,0.0024014459224636453,0.0008935700763285674,0.004712397556174156,0.0022441627559144765,-0.0027344725151293913
2009M08,0.0038576570385854803,-0.005815043237020177,0.014132595734304238,0.003718746002526503,0.0024366190610190276,0.006252571212701479,0.004235771566369834,0.007110915031828743,0.004357101191946916,0.004476325955806894
2009M09,0.0027559808587107474,-0.004004608826194698,-0.010735626018020977,-0.0021007530649449113,-0.004029494100361238,0.0027186849865576527,0.0011895610677492285,0.004856830416515362,0.0024118441029727876,-0.0007708422863351163
2009M10,0.0031118791523431937,0.003984702415014288,0.005036710182386388,-8.683844057375944e-05,0.0008520642935732703,0.0001511972104019767,0.0022288311299350516,0.0019336818806714637,0.0030624066124571303,0.0022527371595787776
2009M11,0.004198818513251036,0.006219647652947386,0.012981580534114226,0.005237558171147523,0.007412768952184732,0.0019261210335946516,0.005301090761638999,0.004099777166686924,0.005008299748938767,0.005820629170500472
2009M12,0.004451839431258476,0.006739195170941089,0.003935899603265287,0.006634368466942035,0.006649271147691096,0.002765419762627253,0.006025040476866118,0.004609464341102312,0.005464436383419151,0.005252770531568091
2010M01,0.003010427649164049,0.006928706894671952,0.0043570477649197,0.006267694255780595,0.006879640412624191,0.003722925839775549,0.006285207812926018,0.0029281637049202226,0.005635572210213413,0.0051128207272217435
2010M02,0.0019756567335801577,0.004172873980311654,-0.010153165762090743,-0.005050647098962876,-0.0010848196539201185,5.381920827295713e-05,0.0025363098204416864,-0.00019062728010123438,0.0032437981441824026,-0.0004996446564762352
2010M03,0.0010320208236051377,0.0022403962770127317,-0.009419194835829908,-0.007725235636140143,-0.006785318179583372,-0.0030267638000274835,-0.0001229701634140913,-0.002108294402322713,0.0015646371068867991,-0.0027056358677570048
2010M04,-0.0003471712917482479,0.0016121022643825877,-0.0024397308237437483,-0.004338535686655766,-0.008632426935255767,-0.00416189603706314,-0.0009920498265522711,-0.00273793343516366,0.0010167410727398782,-0.0023356556332289036
2010M05,-0.0011988681682521991,0.000667878096191443,-0.004212255752312876,-0.005228479747051483,-0.005355522619503153,-0.004717090236462936,-0.0023106197443787937,-0.003391190887499401,0.0001896058500468296,-0.002839615912135841
2010M06,-0.0012673822269400159,-0.0002520005977811159,-0.0041150673114886405,-0.005206414359203831,-0.0024674033871767967,-0.004730676395114423,-0.0036021299231060924,-0.0034308542778379576,-0.0006205744361191595,-0.0028547225460853367
2010M07,0.0008872627176372569,0.0030620204471489814,0.019040252694006467,0.006174268301223111,0.009311107973508911,0.0021364273559735334,0.001085974245117238,0.0008617469094828931,0.0022909821055528278,0.00498333808329458
2010M08,0.002623755892870459,0.006699034392090198,0.021232320031824663,0.01604047026693951,0.01603084593805856,0.007953799736076775,0.008802946895055118,0.0044363923000107185,0.005437460850381548,0.009917447367034173
2010M09,0.0042402956916559355,0.009725733827467591,0.020245898564875336,0.025699933531872617,0.015633268762932324,0.013549394876817713,0.010192789064706241,0.007821756774080485,0.008070765017026662,0.01279775956793721
2010M10,0.005991041319790966,0.010117254993129854,0.020762104817510674,0.026726015392183177,0.01604504982407594,0.019530896017142134,0.01056665434995842,0.01143400905346762,0.008460281773782151,0.014403700837893437
2010M11,0.0071382702874801,0.008909153140636512,0.013100947770623877,0.02244347651298764,0.011954886219856497,0.023158347633502184,0.008808936604118373,0.01370254750539764,0.0074336494163205905,0.0129611350101026
2010M12,0.009319510993277887,0.010663974852350447,0.02138762935681383,0.02319491550579464,0.01657850013379369,0.029824804460312087,0.011079394047816575,0.017873294466518516,0.00900623223859751,0.01654758400614169
2011M01,0.011131001697958958,0.009943847574529863,0.01635093563024313,0.02097952134706031,0.013923731359088453,0.02891767558759644,0.00998214351065581,0.021091933678476445,0.00840296859937249,0.01563597322055354
2011M02,0.012694284474349875,0.009580261372249946,0.013647360921612303,0.021187533886723797,0.012506711785021888,0.02633771833317144,0.00940964086961851,0.023663160273454668,0.008101191596229013,0.01523642927915905
2011M03,0.00992309930116007,0.004059811206408768,-0.015075130616493144,0.0025036661550611786,-0.0032830866649802993,0.014392482817530116,0.001976751323629744,0.018511998898849105,0.003208602625742415,0.004024243894100884
2011M04,0.01032440563707002,0.004885776283022546,0.005833069268980709,-0.00029697904687870464,-0.0008368631912961414,0.01011618591602255,0.0031090188722604157,0.015909508745101456,0.003942583524893843,0.005887411778797411
2011M05,0.009419073814500214,0.0038350699129398908,-0.0039453229562439705,-0.0029940146674798693,-0.0038324037131971652,0.005217712521569509,0.0016969093074444682,0.011119742184401484,0.0030134867473389886,0.0026144725723637272
2011M06,0.00926751208713157,0.003835949621019927,0.001497918232698018,-0.002447252001760533,0.0027823940097845387,-0.0002572423769464302,0.0017090603958426608,0.007923575720420229,0.0030158392713580126,0.0030364172177275543
2011M07,0.007900940479698807,0.004209832217535291,0.0034508316721059075,-0.0014276512818023903,0.00389441260945986,-0.002198921837451853,0.0022292596359514806,0.005108797299366662,0.0033492524599138553,0.002946305917197513
2011M08,0.0066773640840629145,0.005041909578669969,0.005859929449129233,0.0007811522591849012,0.008145599890441174,-0.0009236275340179557,0.003371014970539073,0.003956143094542409,0.004088932938891782,0.004110935414604834
2011M09,0.004531853242158357,0.0037755251770892027,-0.005083026237707575,-0.002509914878091817,0.002080605703510504,-0.002789574495537708,0.004407356243143796,-0.0003046714462343154,0.002968293901715737,0.0007862719122273536
2011M10,0.0014835590440259595,0.0001292798359831364,-0.01792860849877915,-0.012133032121044666,-0.00853704971531917,-0.008376524468420308,-0.0005692730857164178,-0.005075685063714536,-0.00027783684208910163,-0.0056983523238971386
2011M11,0.0003953241375557014,-0.0003972610790129562,-0.0014528133671945522,-0.0039798224131326046,-0.010035969890437237,-0.0037645289782530563,-0.0012851065919643676,-0.0024314553116970045,-0.0007507834109255354,-0.002633601878340179
2011M12,-0.0006972712653588379,-0.0016975853440228967,-0.005517046799384014,-0.0060303539972325695,-0.010231107620258398,-0.004967148388912296,-0.0030568623633228263,-0.0031718298789254655,-0.0001581576080855046,-0.003947484807278089
2012M01,0.0003557532768264734,-0.0004862739240737036,0.00752665693569933,0.0004978588025862933,0.0037374418156317915,-0.001205420127764478,-0.0013992347644382983,-0.0009470965208817422,0.0009147787332847617,0.0009993849140967144
2012M02,0.0011614026647879276,0.001359777160244163,0.01104889010144033,0.005350363249530442,0.010574529290097789,0.0015933333711747222,0.0011192057286336411,0.0007198179516845313,0.0025582086962737884,0.003942836468207481
2012M03,0.001999328002228925,0.005292346861306569,0.011967986750143482,0.010628780231872446,0.011408205149823016,0.004603838957640669,0.005432692727666827,0.002493212169518385,0.004331010699348475,0.006461933505505422
2012M04,0.0021347719603179573,0.005615652567002513,0.003197020119160964,0.00841347703201416,0.006613314230279017,0.005106764041029486,0.006420663210095695,0.002788412818575215,0.004623595416677106,0.004990407932794679
2012M05,0.0015221669395935197,0.00413852582760359,-0.006395556246814678,-0.00024396722899304186,0.0013450431907769357,0.0028825028624928696,0.00396862064317741,0.001486759188754817,0.0033013808366870842,0.0013339417792531671
2012M06,0.0013580585838602007,0.0037512991593678636,-0.000674402506172931,-0.003505821018913567,0.000236915408350173,0.002303334413475701,0.003447521440623624,0.0011459090803207397,0.003997743127910406,0.00134006196542469
2012M07,0.0040834486726597525,0.010428213720912445,0.03689128898330136,0.014907521176269353,0.01971183772066919,0.010675774552898584,0.012507274188347444,0.0070355898043958,0.010122948834101694,0.014040433072617289
2012M08,0.004121301092808731,0.007098580289032425,0.00218030859042582,0.015121468590603905,0.006058674419009197,0.008131112393609977,0.006236442154032813,0.007118081674148623,0.005991814783665572,0.00689530933192634
2012M09,0.003830991632477943,0.006267154700849526,-0.001974589032593599,0.013219577973084661,0.003733385146076572,0.006354180947726742,0.005137245489283855,0.0064804482895178695,0.005245756876838664,0.00536601689147358
2012M10,0.0028306726347948554,0.003790668802311033,-0.011390405490271876,-0.008320011502822898,-0.0034052228501134487,0.0026255648275778595,0.001808212130154161,0.0033217085624690675,0.0030158951660611243,-0.0006358797466489025
2012M11,0.0022562784949313147,0.0023670973390363895,-0.006137984849197926,-0.005870219450713154,-0.007594388823680607,0.0004631125101003824,-0.0001307031074247204,0.0005819203535388166,0.0017299908606043025,-0.0013705440747561338
2012M12,0.00201226990415111,0.0017696423430406264,-0.0017852140204815449,-0.0038013805941011793,-0.007413021796095432,-0.0004440917402760121,-0.0009456580073078308,-0.0003464803316426729,0.0011885583406083759,-0.0010850417669005068
2013M01,0.0012614367426367053,0.0009413103798272399,-0.0030501589116566467,-0.0044248525349274166,-0.002789401060971501,-0.004040156660837221,-0.0020837506572661526,-0.0010827990896442605,0.00043513619760965523,-0.001648137288358844
2013M02,0.000500892999126415,0.0006643664981874639,-0.00012529280152882632,-0.00302391150713448,0.0005391332975554905,-0.00322109645656004,-0.0024567590367487882,-0.0013253815673118364,0.00018320954072367085,-0.0009183154481878811
2013M03,0.00014789202804870352,0.0002487823932974167,-0.0008782172227842875,-0.0033871919533503825,0.001047839653776931,-0.0034398831060267324,-0.0021462973700822714,-0.00169329907859066,-0.00019594968068726085,-0.001144036037377616
2013M04,-0.0007671439197105866,-0.0018211220156822833,-0.009674828674697315,-0.0076693304875441026,-0.0026163568236241604,-0.006015127408751149,-0.0017676826345340109,-0.0036195282570942048,-0.0020997395184897336,-0.004005651082236394
2013M05,5.922730555260314e-05,-0.0016369178435010094,0.0021836982309343385,-0.0019535693746829145,-0.0012950151961711332,-0.0026421574517450563,0.0003812556309970511,-0.001693049804108199,-0.0019249797759510346,-0.0009468342531861505
2013M06,0.00026761437835197627,-0.0011474257988350021,0.0037962992276236356,-0.000720134887572871,0.0013176917347641724,-0.0018976287675583133,0.0018325356515234408,-0.0012535945904619725,-0.0008969932729235072,0.00014426263054572876
2013M07,-0.000541629466630101,-0.003003036934575652,-0.008449879092695399,-0.0054357384603994155,2.259376796798305e-05,-0.004716097193560102,0.0004178207485548563,-0.0029137702197866815,-0.0004783982238419967,-0.0027886816749962784
2013M08,-0.0012613982107913036,-0.005604067994056062,-0.012105325722427668,-0.008935772444187062,-0.007336260305584846,-0.006860101581410714,-0.002666696280672942,-0.004232993125813976,-0.0015575841131207236,-0.005617799975340588
2013M09,-0.0004102649542287866,-0.005213271583803742,-0.00029620198103710665,-0.003236803084686862,-0.008111301170024433,-0.003497152955378567,-0.0024807352070114197,-0.00231076335329273,-0.0012813268973615533,-0.0029819801318694667
2013M10,-0.00023490726294060743,-0.002664676959952582,0.001914177880951644,-0.0021565717735502975,-0.00233039416332955,-0.0028473943935845136,-0.0003773302023058816,-0.0019307964049748356,-0.0004061287172911479,-0.001226002444108641
2013M11,-0.0004962501650531589,-0.0018595754185782819,-0.0018806664667749317,-0.0036242542273558186,0.00323975345999785,-0.003723283302830941,-0.0011639906502801407,-0.002449757898323348,-0.0006927788473591245,-0.0014056448351730995
2013M12,-0.0005006074624453173,-0.00165470575552966,-0.0008498669019220222,-0.0034974506282414814,0.0025106328270382543,-0.003652010614764012,-0.0016768944100029968,-0.002418602997177651,-0.0006712051939202369,-0.001378967904107236
2014M01,-0.0009610064238720537,-0.002169487385319473,-0.005760331791582297,-0.005900669169845423,-0.0012824349860373063,-0.005104919224349802,-0.001007627467443861,-0.0032960697882063413,-0.0006279356178720066,-0.002901164650503174
2014M02,8.48660858687538e-05,-0.0007433072236494977,0.007005791664350612,0.000312377796671729,0.003636944502627161,-0.001389292582104088,0.0038994155147662087,-0.0011151414399258094,0.00042115260623085647,0.0013458674360928807
2014M03,0.0015744569058484903,0.003071345923205784,0.01916922003458985,0.009022882264816637,0.014652927184929733,0.003806469635731303,0.008775133641464431,0.0019462841155642816,0.003542802804157047,0.0072846136122563954
2014M04,0.0011856859744749648,0.0035107805086008028,-0.0035935819000799682,0.0066381543458048226,0.0026358024070760764,0.0024130052660726407,0.0044044221445211345,0.001134788143075371,0.004305545563449766,0.0025149558281106236
2014M05,0.0011143324973340674,0.0033422505543330514,0.00032910802847628073,0.003403211237487725,0.0021670288118565313,0.0021649533327801583,0.004172311109156089,0.0009902616167633996,0.004455440723063684,0.002459877545694554
2014M06,0.0003020449282237131,0.0014667119812148003,-0.008735130954810785,-0.007208733506238824,-0.003288953031581213,-0.0006938458807666586,0.0015865439229802132,-0.0006877783356777801,0.0027263147361675354,-0.0016147584600543332
2014M07,-0.0006418737336379974,0.0011265294639550769,-0.010018345400327887,-0.007903758352292775,-0.006808837916076149,-0.003909498962979097,-0.001292669165860379,-0.0025940736956314796,0.000822043910065043,-0.003468942650309516
2014M08,-0.0010009177822968053,0.00024625486627341975,-0.005427514369861652,-0.005733113781516959,-0.009922420553664211,-0.004990906237352074,-0.0029779195084495263,-0.0032562716803493028,-0.0002882992343633071,-0.0037056786979533796
2014M09,-0.0016512685034989173,-0.002116366696935235,-0.011526902988102841,-0.008756584517904032,-0.011461735461690895,-0.006847782514767762,-0.006284796758623091,-0.004413650651079697,-0.0024581607161355754,-0.006168583200970894
2014M10,-0.0009132633256785203,-0.0026093688749844086,-0.001656529473594159,-0.003991754221532264,-0.006763057580665257,-0.004038329648288573,-0.00572881221310805,-0.0027931345365096246,-0.002912057346365903,-0.003489589691191862
2014M11,-0.00016427711571875234,-0.0014470954594681647,0.006959228892746256,0.00020838613187214392,0.00013012557936273924,-0.001516075539778261,-0.0038683034166091083,-0.0012895782535573678,-0.0018281340542423367,-0.0003128581372658724
2014M12,-0.0006493593460514144,-0.0024872786061136227,-0.004511013153248687,-0.0024624390404378127,0.0020567793654915185,-0.0031136572517364513,-0.0027916662716005926,-0.002243895097008951,-0.002786761617566907,-0.0021099212242525465
2015M01,-0.001498088944686008,-0.00427851979205187,-0.008376449098607757,-0.007008881361444502,-0.0030759074841469934,-0.005848757923504928,-0.0024128207601419125,-0.003888945674198761,-0.003650851899105176,-0.004448802548654212
2015M02,-0.0018212636085021005,-0.006410008080505158,-0.0099579435020429,-0.008093533659204963,-0.009047887588546672,-0.006552162793078027,-0.003616832359030194,-0.004368305593310556,-0.005490242326772224,-0.006150908834554756
2015M03,-0.0016280291226551209,-0.007846603615248162,-0.006382440783011807,-0.0063989191092387035,-0.010027009083722697,-0.005581927663376712,-0.003189355808878037,-0.003841849493332543,-0.005132127389599771,-0.005558695785451507
2015M04,-0.0013925285485491248,-0.007677176030166984,-0.0030022705480645807,-0.004768400987587565,-0.0070058737107737785,-0.004625441439007136,-0.004193493409320889,-0.0032979086365771226,-0.003906956474445915,-0.004430005531610343
2015M05,-0.0017658573839678033,-0.008968999543206697,-0.006418637424667153,-0.006462991793127609,-0.005055350254896406,-0.005666193338818673,-0.006116508660265558,-0.003949897229647569,-0.004113099527758641,-0.005390837239595123
2015M06,-0.001462386070776261,-0.007684494727772605,-0.002415914946986933,-0.0045213709840801536,-0.002855256803061399,-0.004518438912202377,-0.005522770944835624,-0.003286332623421511,-0.003104403967855103,-0.0039301522201102175
2015M07,-0.0007890907555693468,-0.004684965034815339,0.0049063072963107125,-0.000927258724567696,0.0015225618200594123,-0.002348047586219498,-0.001966974010745674,-0.0019780936650269296,-0.002322951156794267,-0.0009542790908187363
2015M08,-0.0029088050902873006,-0.007873376463257323,-0.021003158635209913,-0.01167346265480899,-0.007134278088320482,-0.008869602472821791,-0.004994433960053269,-0.005954132286016453,-0.006387932254212377,-0.008533242433887544
2015M09,-0.002160786259843287,-0.007719141533436569,-0.00707186343074735,-0.006919630653847537,-0.011426931018995352,-0.006064104124455591,-0.005213379229446934,-0.004332464507134246,-0.006911136926045119,-0.006424381964883554
2015M10,-0.0008815542020711822,-0.006424951125483547,0.006454436436363872,-0.0002204172841522604,-0.008077968243496741,-0.002007674326354512,-0.0026061248400008384,-0.0018782321667785312,-0.004048545938606352,-0.002187892410064455
2015M11,-0.0014443613080000663,-0.007582779733401447,-0.005090747691571081,-0.0030682337589937616,0.0005736325809735428,-0.0037328654908214075,-0.002546819933415734,-0.0029296093033893858,-0.0032239017853849024,-0.0032272984915560263
2015M12,-0.001384743184098761,-0.00637190936984739,0.001161570835725502,-0.002792997913249719,0.0018942496363929988,-0.003557337931702892,-0.0023933180905488126,-0.0028187405439747204,-0.0018448567985863019,-0.0020120092622100106
2016M01,-0.0013437110661690583,-0.004504858841473416,0.0009813310769567847,-0.002642072685105833,0.002085557300844538,-0.003437766912524116,-0.002289708328252621,-0.0027422907645924073,-0.001107127628354316,-0.0016667386498522712
2016M02,-0.0010371633409123032,-0.0018501010547487045,0.0036680037313146017,-0.001125989394917659,0.006420214796737093,-0.002508819253397798,0.004177613087431223,-0.00217105083569296,0.0005382083270862523,0.0006789906736555272
2016M03,-0.0001970126982401533,0.001178059292022247,0.009276110979316956,0.0028825863141096622,0.009542445144825232,8.15879768927847e-05,0.006985598165833218,-0.0005911546566911203,0.0021139580008428978,0.0034746865021013018
2016M04,0.0008190364988564149,0.003969050975632943,0.011523127002920686,0.008051076470418386,0.010828739129689801,0.003272206193385585,0.008136272069691013,0.0013495986194486521,0.004086035205572965,0.0057816824628462715
2016M05,0.002283952913281003,0.008236010953193365,0.01682348412802457,0.014540484691365999,0.01384101299900957,0.00801762088762407,0.00969106779872237,0.004190243754595281,0.008090049560580405,0.00952376974293296
2016M06,0.0038203898800265373,0.009702650966779221,0.01771399102144852,0.018777136572992483,0.014426026631811542,0.012913019648572204,0.010099408168980122,0.007192062162765361,0.008462237169909476,0.011456324691476163
2016M07,0.0025571918398061906,0.0038045681882592484,-0.01249294202024388,0.00644941679640035,-0.0024313148160567217,0.008590659800427032,0.0018425191099600657,0.004704727320771672,0.0028655777603145646,0.0017656004421820583
2016M08,0.0019246655291444933,0.0024610181323130335,-0.006117313389809709,-0.004620368160454406,-0.006283555537793371,0.005636057053342134,-3.9627625217458946e-05,0.0034655311739131747,0.0015933011181581001,-0.00022003241182266765
2016M09,0.0015584362229860266,0.0016827156687311612,-0.003264246582334094,-0.004844064816735182,-0.008520533753191391,0.0019972473032422605,-0.0011353341150367553,0.002660313922327654,0.0008546650723394687,-0.0010012001197412055
2016M10,0.001123562899744023,0.000769128923952268,-0.004010293425111862,-0.005221279870601974,-0.0037853008190104646,-0.002443244737631603,-0.0024298984723661026,0.0017657362142424644,-1.5241752047126869e-05,-0.0015829812265367085
2016M11,0.00132551492289082,0.0012049157324845114,0.003010401146886406,-0.0018047708953888874,0.0013132125057998822,-0.0027916653318917585,-0.0017956999444533788,0.0016482822629935558,0.00040314107580134706,0.0002792590527913887
2016M12,0.0014090129972436655,0.0014824989076310403,0.0021982291202878573,-0.0010865074388419246,0.004345462234676819,-0.0023568051487654037,-0.0013900918548724267,0.00044901854229264246,0.0006698506853892467,0.0006356297827823906
2017M01,0.0020307140141446536,0.0028791328867670985,0.0080583250782046,0.0024691391612596592,0.008973614651200513,-0.00023600448678029332,0.0041297322975984,-9.132073512136936e-05,0.0020014613853102286,0.0033571993613981657
2017M02,0.0016344568855881916,0.002574640045377084,-0.0007828071183307123,0.0006177180643393266,0.00404378096877676,-0.0006810090510992119,0.004915440908293852,-0.0009665222005555501,0.0017143736840644322,0.0014522302429393523
2017M03,0.00044293442979970155,0.0015574840722510086,-0.004526162431937305,-0.002649302095210939,0.0010913034451364668,-0.0022017763993538763,0.003468164856208855,-0.001892881855958034,0.0007486670964585076,-0.0004401743202895127
2017M04,-0.0008129008098691022,0.0007997275263089366,-0.0032168324031431684,-0.004794682005732931,-0.0011069103007199793,-0.003338585764060334,0.0023956263183773532,-0.002587074882789481,0.002372498352091068,-0.001143237107726404
2017M05,-0.00022855073953159362,0.0026201404665479678,0.010247268364096616,0.0017428033283593421,0.005052596573235367,-0.0006466706658149524,0.00496063410512817,-0.0008877007442966852,0.004923291298721031,0.0030870902207161396
2017M06,-0.00033405598291931754,0.0023893188131991175,-0.0004143690408024861,0.0011717266511335335,0.004211595507913183,-0.0009816825586801618,0.004627596472862607,-0.0010901323445189875,0.004688550988354013,0.0015853942785046113
2017M07,-0.00027740152218924273,0.004959637555006997,0.0013589804625920659,0.0014649704312547623,0.004541237396851216,-0.0008031814937959265,0.004779508119129489,-0.000979759602007798,0.00478581422872929,0.0022033117306189836
2017M08,-0.0014454300159711098,0.0033488365944872207,-0.011933412484334334,-0.008671572065826926,-0.0025244419581352366,-0.004466310503980426,0.001668503865412025,-0.0032632933968791047,0.002445435128655735,-0.0027601872040635728
2017M09,-0.0008799736526021785,0.003888488816772444,0.0035620831705488586,-0.0014694862138925591,-0.0006107096494785032,-0.0025596412041929504,0.0024355325579104286,-0.0021065943106618676,0.0029597960229139244,0.0005799439485908442
2017M10,-0.0011072359626466334,0.00340656606314818,-0.0017496951369082333,-0.0026583964662833435,-0.001980509410971069,-0.0032670167949715298,0.0017684266389026244,-0.0025377032122137423,0.0025055306947419855,-0.0006244481763557513
2017M11,-0.0008797993801527415,0.0038507537594579967,0.003064027175240152,-0.0014998111751085774,0.004720087121720649,-0.002565431065637431,0.0024018647005842725,-0.002104901060625903,0.0031423927180382026,0.00112546475483518
2017M12,-0.0012518658921904134,0.003075553667020807,-0.0032900504616293655,-0.0036313740985094074,0.002477693708566057,-0.0037208700648641542,0.0014665735900953498,-0.0028106825878655463,0.0024081757796969175,-0.0005863162621866395
2018M01,-0.00023565267053651795,0.0049311814289954535,0.010403675699211159,0.0018789728079278973,0.007956105558233072,-0.0005351931876332911,0.004084736259090253,-0.0008626226565302628,0.004171935403623799,0.0035325709602646183
2018M02,0.0005628187165219563,0.0068654786198727984,0.009609796556903409,0.006167930241864296,0.009749656652014507,0.0020160049561966796,0.007555195175361172,0.0006875591269773595,0.005797311877263535,0.005445750213663967
2018M03,0.0009248006456436934,0.0068619010525100225,0.004883723678629668,0.008151826298523731,0.007122555304804052,0.0031926995547301613,0.006317062500730746,0.0013987860544873018,0.005797859421929462,0.004961246056887648
2018M04,0.0016129835039850231,0.007632149941417166,0.008677894321733316,0.0073208694008654734,0.009259709355936691,0.005452171886809637,0.007373133130779972,0.0027582263032228794,0.006533448338184242,0.006291176242548267
2018M05,0.0018330685812532614,0.006637560471602632,0.003375180314066979,0.004295919280209384,0.006300517314147791,0.0061772854546984415,0.0059619440362357,0.0031955756562756987,0.005591824307539034,0.004818763935114325
2018M06,0.0007125016087401469,0.0036356733336013786,-0.012002722661054406,-0.003885955689971031,-0.002306195179959664,0.0024735842565090102,0.001785615243545553,0.0009763547621951633,0.0027449228801786694,-0.0006518023829127974
2018M07,-0.00045778060822414463,0.0011068639957416805,-0.01259306712672828,-0.00921948603588859,-0.009734495971950592,-0.004002728737439702,-0.0017801674313991742,-0.0013109782444379458,0.0003406552857888557,-0.004183464986059766
2018M08,-0.0009164517637784613,0.00014587261148740326,-0.0044049480019783165,-0.005312376839139285,-0.01256628160064126,-0.004721103220961968,-0.00314771295829648,-0.0021920760474495988,-0.0005776360753147495,-0.0037436348773414127
2018M09,-0.0020969645186369977,-0.0022536621158956724,-0.012088245545745986,-0.009080342135850884,-0.012623897440858968,-0.006970568279353372,-0.006606073563463953,-0.0044278333568413385,-0.0028871466874544,-0.0065594148493446185
2018M10,-0.0009088749313771022,-0.00164967479851277,0.0037562962504456192,-0.0014092108751636585,-0.003402437615689438,-0.00248910291507047,-0.00569799866151415,-0.0020736732317814376,-0.0022967049955313016,-0.0017968201971327452
2018M11,-0.0015149966481917798,-0.002894447924130755,-0.005915048558134596,-0.004592828178579189,-0.004252246900250903,-0.004362623589044296,-0.007487298427648049,-0.0032212782666307957,-0.003499832109320691,-0.004193400066881229
2018M12,-0.0007281709910774686,-0.0018667104246576274,0.005910625830667441,-0.0003528702812640597,0.0040085477796773,-0.001866137549428912,-0.0026063768457716945,-0.0016993113473037784,-0.0024955113482364273,-0.00018843501971058083
2019M01,-0.00039008174677679277,-0.0011619829914808416,0.004312075214181761,0.0014341390821361543,0.006060797730388603,-0.0008111685201326975,0.001849828006121347,-0.0010523863202762161,-0.001811293035027725,0.0009366586021259547
2019M02,-0.00021138423765382187,-0.0007868088349315275,0.002613766220106464,0.002386219401907154,0.005795519609985772,-0.0002492995806948695,0.0036928721489097567,-0.0007082006947740018,-0.0014475946731150558,0.0012316765955266522
2019M03,-0.000675523725234461,-0.0017581134296455617,-0.004500159547327809,-0.002653973973280984,0.00180779853888544,-0.0017135660141767302,0.0036371561839820283,-0.0015993596307683662,-0.00015831480601520825,-0.0008460062670646281
2019M04,-0.0007600816404079769,-0.001933339804006065,-0.0003212175128165524,-0.003346637709883929,0.0012732591401175167,-0.001979935698808155,0.003374220112283381,-0.0017602213909768505,0.0019704266010109064,-0.00038705865594308047
2019M05,-0.001133033624538674,-0.0027053700454176734,-0.0034587498547848736,-0.004870235230523417,-0.001008354884914674,-0.0031413562703143548,0.0022793208825891793,-0.002469244179157961,0.0021112854741501446,-0.0015995264147680337
2019M06,2.880822213858006e-05,0.002020745107579057,0.013260574700041144,0.003240715831468204,0.008910384958740254,0.0002725122341985962,0.0056524296762855706,-0.0002505564753218577,0.0052808903298554605,0.0042685005094427785
2019M07,-0.0004086673566225604,0.0034861096328324065,-0.00422043015713426,0.0008611307470493259,0.0019184550120802668,-0.001119872991712781,0.0036655546040544242,-0.0010956118449256538,0.003927014502811109,0.0007792980164924753
2019M08,-0.0012258273506536674,0.0027002769198227745,-0.008334797333092465,-0.0034889269992360713,-0.0030980188628363476,-0.00368338866202157,0.0012651700804982725,-0.002658889037499771,0.0022959291599971092,-0.0018031635650024155
2019M09,-0.0013686690630601785,0.002782166675522646,-0.0014181431839623434,-0.003857914323381725,-0.004219618101790545,-0.0039016847144297717,0.0007265426522243407,-0.0029231054616286334,0.0019298572370364461,-0.0013611742537188627
2019M10,-0.00039188088926437746,0.004409014260730209,0.009283251662483318,0.0013363008538479992,0.003347679511071538,-0.0008299906348810701,0.0030358966187140016,-0.0010472204219366483,0.003482492748795614,0.0025139493010622868
2019M11,0.0008940828104127102,0.007167510390401535,0.015198291091531155,0.008347935388302512,0.01270923374555356,0.0032809373190364564,0.006906118298454363,0.0014482992317436019,0.006109634485467084,0.00689578252898922
2019M12,0.0016533755760614374,0.007520655733986241,0.009547236621006969,0.012633541104748375,0.009615770589064165,0.005771153421451288,0.007360696753257965,0.0029461204942170605,0.00644982124348939,0.007055374615253655
2020M01,0.0022112024139420623,0.007147997026369259,0.0072622119648663806,0.011613879562449435,0.008367462964874403,0.007614144220789055,0.006800279233373909,0.004051952339617904,0.00609797093625883,0.006796344518060137
2020M02,0.001092449119415272,0.0034241547142529554,-0.012224018545290547,-0.0016160040454406802,-0.002482619777871795,0.003895870218064134,0.0015968909372170658,0.0018329213371578975,0.0025524939734950397,-0.00021420689655562855
2020M03,0.0002431018675007517,0.0015636833634257753,-0.009250229969964682,-0.007474862044884723,-0.00799008105322092,0.0011254188980636256,-0.001024905747926303,0.00016160201129759941,0.0007792227356976074,-0.0024296722155568076
2020M04,-0.0006154134412047228,-0.000275048317382765,-0.009294180508199537,-0.007553274310931257,-0.01352257252137433,-0.00399295105903162,-0.00364940839588362,-0.0015077983383127982,-0.0009833865304673577,-0.0045993370469764455
2020M05,-0.0006848764641313931,-0.00042443441051345527,-0.0002082122362347512,-0.0032389267792184893,-0.006748792406779067,-0.003443758715510031,-0.003852893269048548,-0.0016408155773451698,-0.0011254142098667845,-0.0023742360076275206
2020M06,0.00035226524877574397,0.0017746873582335544,0.012484016358099077,0.002812612736326992,0.005259858124573816,7.924913474012009e-05,-0.000684799047825836,0.00036860603888164796,0.0009903071441788916,0.0026040892328871115
2020M07,0.0006536952885237072,0.0024282243920431515,0.004204848957182185,0.0045005548022248425,0.0065771642501196775,0.0010564649910807917,0.0002488839259222747,0.0001367497051733219,0.0016158132588314751,0.0023802666190112696
2020M08,0.0013083001558635665,0.003864890050135463,0.008455675899976697,0.008209312535344465,0.00892796830166604,0.0031900107674985587,0.005595084873633102,0.0014337089153031897,0.002985910209073816,0.004885651300943877
2020M09,0.0025894438719945064,0.006726041879103347,0.01608531673072448,0.009972987213136258,0.01318108436962907,0.0074026953420059955,0.008989654051910915,0.003974623775885288,0.005706118860171478,0.008291996232729037
2020M10,0.003332822485770878,0.00842212954772475,0.014341813504766905,0.014828778594335328,0.012288259830417706,0.01117336015807274,0.008662274925999072,0.006235423043678868,0.007323075120010006,0.009623104134530693
2020M11,0.0049589753836186065,0.009573679091506209,0.019482926402879814,0.020240361154562424,0.015209319660646961,0.016515823144682397,0.010170149541321082,0.009432786071406702,0.00843077468419934,0.012668310570535947
2020M12,0.006030036530894356,0.008398605145682057,0.012437375726663525,0.018433191686017883,0.01138222132132357,0.016547797042092326,0.008427953623345353,0.011482591194727861,0.007314975380453861,0.011161638627911198
2021M01,0.00865229123606579,0.011313257707523398,0.02648516050750821,0.024644869388308184,0.01926569382420945,0.023321803967748835,0.012371677447338924,0.01637827979777115,0.010120021098361836,0.016950339441648418
2021M02,0.009159831101656244,0.007506042456628399,0.006105343470501641,0.01780769641966203,0.00801069854600234,0.0223094842030426,0.006984425212730002,0.017199891800929897,0.006465473876818043,0.011283209676441246
2021M03,0.008528508633972526,0.005681893830279405,-0.003202815572955448,0.009958857214069017,0.002823898239424879,0.01623548173806676,0.004454552814996602,0.013954393096327912,0.004716329575408031,0.0070167888410655205
2021M04,0.010138147273359557,0.00846006647299287,0.015109275582086728,0.0046661520906777,0.010708545821222996,0.01658089833560585,0.008307666798408997,0.016047715427718802,0.007387819217344199,0.010822920779935302
2021M05,0.013194823216852515,0.011280819539092247,0.02441061941915998,0.015585311130602377,0.018283580840819817,0.01833777291481583,0.012119704473693954,0.019503103273158198,0.010110329364475784,0.015869562685852302
2021M06,0.009959080518060305,0.004233175270189141,-0.011193981139858516,0.009283323014204634,-0.00163933915035181,0.011078573873757686,0.0023518874483411238,0.013666065798691663,0.0033269677840035232,0.004562861490781972
2021M07,0.009089614246005158,0.0035805367638189617,-0.00217575505241201,0.0009625851869428086,-0.0034600300347614544,0.0031747515049388463,0.0014552427000902026,0.010619887521936072,0.002702046928425353,0.002883208862775993
2021M08,0.008528681671079707,0.003943602428958224,0.002943655360007232,-0.0016217550954993538,-0.002392238946419499,0.00344963253563098,0.0019689042431879815,0.00784779557461869,0.003053431426227835,0.0030801899108657558
2021M09,0.006774517086943401,0.0032916527973931805,-0.0021925803990683066,-0.0032037608784206747,0.002610138483065031,0.002524759885530069,0.0010705705890970063,0.0053769322072594675,0.0024284843855792338,0.0020756349063753786
2021M10,0.006270781021862088,0.004586270121836024,0.007650559542054117,0.0006770415623918724,0.007070147486474649,0.0005359637730137519,0.00288101478068099,0.0024127595225521266,0.0036761465556788145,0.003973409374060492
2021M11,0.005215728659921351,0.005654060609243343,0.006516160493684702,0.003312844571777036,0.008257034953363818,0.0004392510688174022,0.004369661206560458,0.0031813224838188204,0.004704806873803311,0.004627874546776694
2021M12,0.004600839173755011,0.006420401710703542,0.005014454818851554,0.0052070887455926956,0.007418952285888545,0.0015416081796721243,0.006748513746873021,0.0038390741540349155,0.005444338966528044,0.005137252420211051
2022M01,0.004155755276906467,0.010064462697728168,0.01920567779143835,0.010824074571978039,0.015442344367879203,0.006607292852557978,0.010728540603459565,0.00462397639982489,0.008950368210909828,0.010066943641409167
2022M02,0.0059875549353531074,0.010869846568057628,0.021245793676653094,0.01801784785010672,0.016686317706984678,0.012250914303192514,0.011473655982864955,0.007061361203273409,0.00973784186630439,0.01259234823253228
2022M03,0.010174482240917443,0.0154328996298281,0.0416150887017905,0.03653461047698242,0.028345745300040654,0.024051110965528054,0.01754085988873212,0.014109724290232264,0.014193372206493145,0.022444210411171634
2022M04,0.009171709047115405,0.008069961254898473,0.004922220003813036,0.028454882590378427,0.007695858856274836,0.022873153985680888,0.0073120413558929835,0.014655591044673824,0.007035866136946103,0.012243476030630444
2022M05,0.008572107779730354,0.0074015726718913615,0.0017556226028196211,0.018461560855046084,0.005886044597119217,0.021055341676420643,0.006400739115548639,0.014552982829252457,0.006389916155295925,0.0100528764759027
2022M06,0.006534623166588316,0.0035597288736894167,-0.016587550986675383,-0.008697548868540208,-0.004544236637321739,0.014240157756923132,0.0011494710557404461,0.010966158506757907,0.00266259098051806,0.0010314882052977722
2022M07,0.0033775144393032508,-0.0031325113413872355,-0.032225895219572115,-0.018007679772477695,-0.023433706051628346,0.0007588018306464777,-0.008206549737582104,0.004392320263747882,-0.003876125983568039,-0.008928203508057548
2022M08,0.0028523928441377237,-0.004361719829776218,-0.004852727628510603,-0.005311681676931334,-0.02669393908188023,-0.00396430116996763,-0.009928761842853427,0.0026586174519828043,-0.005091090790342166,-0.006077023524904564
2022M09,0.0028813138510573187,-0.004256664472230424,0.001568463639191191,-0.0022917673917073004,-0.01595614303839568,-0.002377433833861335,-0.009722259947012413,0.002129744269624281,-0.004976161774063508,-0.0036667676330442087
2022M10,0.002594981041095932,-0.0036043851339259154,0.004224264173729364,-0.0008375901490048747,0.004041715834604677,-0.001599613969882221,-0.00873787891924757,-0.0001085668797705427,-0.004317694119446486,-0.0009271964579830708
2022M11,0.002102307016795953,-0.00368872749948285,0.0006823839972731846,-0.001061596057157741,0.005154658787619275,-0.001715197137547684,-0.0088137687387436,-0.001216487220137312,-0.004393450352182582,-0.001438875244840373
2022M12,0.0012824181530564304,-0.0048729013977824856,-0.004660622293522401,-0.003995524593473911,0.0019391096237545737,-0.003169803755394479,-0.005493171859230374,-0.00210405133710291,-0.0055612817847881454,-0.0029595365827204114
2023M01,-5.7577741073211106e-05,-0.004503149507085538,0.0028063001027976613,-0.0016932444626024373,0.002854677103311892,-0.0020543796980906047,0.004030937131922468,-0.0014316502238456942,-0.005181780360651042,-0.0005810964061462785
