,osc12_5.csv,osc1_5.csv,osc3_5.csv,osc6_5.csv,osc9_5.csv,average
1991M01,0.0007611838143871015,0.011012484992358325,-0.006316057599760904,-0.0006113296384173492,-0.0010469038101989835,0.000759875551673638
1991M02,0.0012234351094993021,0.010908879946091122,0.001192641583603089,-0.0023465893663968647,-0.00022307063954364603,0.0021510593266506005
1991M03,-0.0004705608820856008,0.01079088589863821,0.00981321361625519,-0.004841237454099531,0.0013334703880945632,0.003325154313360566
1991M04,-0.0013738370187435078,-0.008043127658615023,0.0003868190013597995,-0.004582327250513683,-0.00015751445619869783,-0.0027539974765422226
1991M05,-0.0027814455507518456,-0.0084483622066576,-0.006089192620450495,-0.004433797734252884,-0.00380910203679723,-0.005112380029782011
1991M06,-0.002096595055061084,-0.008320134303640278,-0.007724065834260619,-0.0035661253721594776,-0.006188140085041233,-0.005579012130032538
1991M07,-0.002837838800274858,-0.008253311452138671,-0.007647282448430546,-0.005331241380800815,-0.0057986982073213525,-0.005973674457793249
1991M08,-0.0038849728506681136,0.010337715331964351,0.002176288459411816,-0.004878577546558523,-0.0027616694094259077,0.00019775679694472443
1991M09,-0.00548160141702439,0.010215965655569346,0.004428433334428105,-0.005072363371581709,-0.0011709492793471445,0.0005838969844088416
1991M10,-0.004970806417832842,-0.008006205434240861,0.004643135472030683,-0.004400253148253394,-0.0024173117263803744,-0.0030302882509353575
1991M11,-0.0034299943194593873,-0.007969697591563001,-0.002616526499589711,0.00024808172152862226,-0.004009330205951913,-0.003555493379007078
1991M12,-0.0033523987786964575,-0.00797993018209789,-0.007438528315750981,-0.001968144992271479,-0.005556741534534596,-0.00525914876067028
1992M01,-0.0023727613169202697,0.00995125848816309,-0.0003373885069901097,0.002698740727378841,-0.002476751025368252,0.0014926196732526602
1992M02,-0.002200542886076474,0.009889607269815704,0.003445316359701505,0.002634075792586142,0.002766494124678198,0.003306990132141015
1992M03,-0.002778132887018527,0.00972321645856798,0.008518260598038695,0.0017497568867254707,0.00302247102525067,0.004047114416312858
1992M04,-0.0024007135222406254,-0.0076893850298574975,0.0011834446668861891,0.0009916386070106514,0.002505559825249067,-0.001081891090590443
1992M05,0.0015692160246126505,0.009436217009185463,-0.0020352448503393374,0.0033076401722290562,0.0016686428441735493,0.0027892942399722767
1992M06,0.0022155438903174555,0.00932938190673007,0.000235377755552919,0.007725563206030284,0.0015538293346182433,0.004211939218649795
1992M07,0.0035838907067067844,0.00924389887623719,0.00824487068577537,0.006483269022109238,0.003170400345933807,0.006145265927352478
1992M08,0.0018466284383434183,-0.007538111508516209,0.0031279166892858017,0.0018428397718411576,0.0035417801173529646,0.0005642107016614265
1992M09,-0.0008009706084715455,-0.0076212962571617845,-0.0037979702818236264,-0.002682448812491912,0.0023877010654315863,-0.0025029969789034565
1992M10,-0.0033518723149171745,-0.007972739173978121,-0.00722593765225895,-0.005672121028210721,-0.003514822877093134,-0.00554749860929162
1992M11,-0.003060778374584543,-0.007879240572992519,-0.007112769349294133,-0.006400537405272504,-0.00497354432649444,-0.005885374005727627
1992M12,-0.0013466386717535198,0.009023131706864185,-0.004327187311752249,-0.005174093843769613,-0.0035106285144261735,-0.0010670833269674738
1993M01,-0.0012924062565623853,0.009050949715380537,0.0065331739864997835,-0.003458330642688084,-0.0011294124868141703,0.001940794863163136
1993M02,-0.001534696093393858,0.00897736046807514,0.007615288133117834,-0.0020766611129368114,-0.0007626011519464059,0.002443738048583179
1993M03,-0.0016581509677379,-0.007666488149002474,0.007112457655167254,-0.000536856974535177,-0.0012801822820872827,-0.0008058441436391159
1993M04,-0.00034079523567757085,0.008826583759221632,0.006896026648919543,0.010298006626883826,-0.0011160429748201823,0.004912755764905449
1993M05,0.0015348570622661113,0.008975077635866545,0.0074067013598987175,0.011625921137525143,0.0015648636358983684,0.006221484166290978
1993M06,0.00018110324533529044,-0.0074857032823380755,0.0029381473480623267,0.006802501468519118,0.0017081656114106185,0.0008288428781978557
1993M07,0.0025902683068373573,0.008668729521091054,0.005180524339126574,0.00855151603703829,0.008072983525831481,0.0066128043459849515
1993M08,0.0023278649582462174,-0.00693672893429838,0.00269983852886043,0.006690913950483162,0.007029238234796293,0.0023622253476175445
1993M09,0.002471063786672811,-0.006975059872074885,0.002732085132367261,0.004764979266205855,0.0051562351406924545,0.0016298606907726991
1993M10,0.0046919881263338525,-0.0069696406699089235,-0.00651410361174663,0.0032491474412631154,0.0036867031539914875,-0.00037118111201341964
1993M11,0.005445231529956421,0.008441883388564858,-0.0009865493702201685,0.0025558490272317245,0.0041109926602227245,0.003913481447151112
1993M12,0.006438687392164653,0.008683995273293388,0.005187647611370938,0.0063415311419590305,0.0054807996505539846,0.006426532213868399
1994M01,0.006465872864149371,0.008693928472535865,0.0073190528503903635,0.0047654437870345255,0.005692896501399746,0.0065874388951019745
1994M02,0.006818826095427806,0.008740862503124953,0.007403838739162317,0.00701525342868535,0.00558253805394433,0.007112263764068952
1994M03,0.006772238946872249,0.008623504758581424,0.007280599225354762,0.00926124104816043,0.006680995221348315,0.007723715840063437
1994M04,0.0065358631778779305,0.00851020240993542,0.007162652450172942,0.011042511908298476,0.005317279742849614,0.007713701937826877
1994M05,0.007617382090819344,0.008897636309650608,0.007670151990897308,0.011654966240271116,0.007967632969657586,0.008761553920259192
1994M06,0.009571581180369952,0.009124541262104265,0.007973734417346907,0.01198000295090609,0.009954637625951314,0.009720899487335706
1994M07,0.010403264433732708,0.009522339901748219,0.008486666561539326,0.012592070015769502,0.011597476494024494,0.010520363481362848
1994M08,0.01025907683638658,-0.006736849663562114,0.007458570326779244,0.011444240805850667,0.010680937179524546,0.006621195096995785
1994M09,0.011974186438358144,0.009343414830350122,0.007808589259986072,0.0119542050666252,0.011152225772450628,0.010446524273554032
1994M10,0.010468896016311539,-0.006277641157097391,0.00287107408336385,0.009551962822851003,0.008995847192054157,0.005122027791496632
1994M11,0.01089713536764942,0.009044657293547611,0.005479810729439782,0.009558599679747376,0.009409183917501054,0.008877877397577049
1994M12,0.01077938718254632,0.009059233047526496,0.0043909444606162785,0.009253528132819853,0.009531438026312369,0.008602906169964264
1995M01,0.011227534847407001,0.009248464230649924,0.00870903509761054,0.009081711146915793,0.010020748948631166,0.009657498854242885
1995M02,0.010041553894874296,-0.005900594853149741,0.006035009470933119,0.00831518302882414,0.008705552204769845,0.005439340749250332
1995M03,0.00914371852103049,-0.005904531426952383,0.003236690325217036,0.0055698093919214434,0.0074353956621124005,0.0038962164946657976
1995M04,0.008892756487775422,-0.005839578938963761,-0.005999679182749577,0.007910442872900568,0.00613109155961634,0.0022190065597157984
1995M05,0.00673525801784574,-0.005940413790832394,-0.006143005106323432,0.002582345234474733,0.004861323298022791,0.00041910153063748763
1995M06,0.006032102585895696,0.009043436746285449,-0.005293613908439495,0.000960523726171867,0.0032952608623898856,0.0028075420024606806
1995M07,0.005684631484749285,0.009199830282908054,0.002912318196291003,0.0005971497082903864,0.006095417582935429,0.004897869451034832
1995M08,0.005031018569120244,-0.005857320182154948,0.004094513926859222,0.00012920077475948345,0.003623992266380398,0.0014042810709928798
1995M09,0.0020811851274699714,-0.005999642016035324,0.00037781487302549367,-0.0015091082827980544,0.0010194352151433805,-0.0008060630166389065
1995M10,0.0032874147075632586,0.008970892542392864,-0.00414187155411363,-0.0007188911299926392,-0.001316812817642424,0.0012161463496414859
1995M11,0.0025966000123329707,0.00898879104952724,0.00043003286168368394,0.003132923187446285,0.0006562643111840509,0.003160922284434846
1995M12,0.0010618164370665914,-0.005886438389082185,0.002727167443277844,0.001562238771125891,0.00039858903343911213,-2.7325340834549217e-05
1996M01,-0.002134948678907958,-0.005948490864298294,-0.0009472169580751581,-0.003957198341837724,-0.0004370688427744896,-0.002684984737178725
1996M02,-0.00011867514356835723,0.008774603626332696,-4.780998428928311e-05,8.193122555056817e-05,0.0020644183586766137,0.0021508936165404472
1996M03,0.0005180142266725876,0.008689310698086115,0.002237103726783922,0.003517008926512983,0.0021382786415884278,0.003419943243928807
1996M04,0.0033154055618563587,0.009005891255230481,0.008026960813300416,0.006950830066690741,0.0033850414888086924,0.006136825837177338
1996M05,0.005142221652424624,0.009047019083665163,0.008093350366455344,0.0071543105610852396,0.005030621314689378,0.006893504595663949
1996M06,0.0020791098525979688,-0.005718949937810638,0.0018581613782794734,0.0027576009776827705,0.0029343210611111276,0.0007820486663721404
1996M07,-3.960773878750046e-05,-0.005861450741945186,-0.0028821784706269324,0.0020063527779002107,0.0015423451637747634,-0.001046907801936929
1996M08,8.880384074483848e-05,-0.005857905116373144,-0.0052382125735157305,0.00038597435345571335,0.0006086877025707873,-0.002002530358623507
1996M09,-0.00037707177944404716,-0.006073505600262526,-0.0055603727577893825,-0.0014535089476663977,-0.0002533896765655533,-0.002743569752345581
1996M10,-0.0018687494877125078,-0.006348502840714579,-0.005964602008282665,-0.006780272169546462,-0.0011319330704316422,-0.004418811915337571
1996M11,-0.0016623033723094588,0.008499774566474338,-0.003287806356975869,-0.006626645886376132,-0.0011187044691879124,-0.0008391371036750068
1996M12,-0.0014209690992982426,-0.006137828284785676,-0.001978552991592547,-0.005794859785054294,-0.001266714481535208,-0.0033197849284531933
1997M01,0.0008785811072638851,0.00838597910190178,0.0070833501589963,0.00019514403823059964,-0.0011329676869899974,0.0030820173438805137
1997M02,0.0011238735249549077,0.008486821328551088,0.007255894904398069,0.0021745557754670655,-0.0007436533575957086,0.003659498435155084
1997M03,0.002118316226786555,0.008671421337378173,0.007828123286840169,0.006102996377410262,0.0022768801504099564,0.005399547475765024
1997M04,0.00016520178945477956,-0.005689702735429374,0.004456435010309677,0.007976248868889205,0.0024267849041563136,0.0018669935674761203
1997M05,3.2518623186211446e-05,0.008429055394927089,0.00395495031062248,0.007907598118898069,0.003129296689379766,0.004690683827402722
1997M06,0.00031982148436618917,-0.0055327230741791375,-0.0030304254264091907,0.004528836848738404,0.002831765373981313,-0.00017654495870048464
1997M07,-0.0002554935802028275,-0.005788704766571996,-0.003852377288728121,1.505645931520333e-05,0.0026597118571832492,-0.0014443614638008984
1997M08,-0.0003597325536442396,-0.005806504586418128,-0.005696032812432773,-0.002017482012198378,0.0017395873781730084,-0.002428032917304102
1997M09,-0.0002659687096572341,-0.00594829482294091,-0.005900919102868411,-0.006005821776223197,0.0008682416096408756,-0.0034505525604097754
1997M10,7.48697224492445e-06,-0.00609757998334443,-0.006114623634659859,-0.006309408218410409,-0.0017168329060248538,-0.004046191554038925
1997M11,-0.00083094558560819,-0.0060905865369777525,-0.0061044394796637156,-0.007730798716460647,-0.0030889361225696034,-0.004769141288255982
1997M12,-0.001604094639151163,-0.0062458632901617765,-0.00632387567482842,-0.007999314142017534,-0.005866031665966984,-0.005607835882425176
1998M01,-0.004410762289823511,-0.0064245648465949485,-0.006574481947510337,-0.008308412613405694,-0.0062809943305232475,-0.0063998432055715464
1998M02,-0.004795004477477029,0.008047047614843525,-0.0037890468476248803,-0.006173172841465533,-0.005921564255073885,-0.00252634816135956
1998M03,-0.007246819616053465,-0.006256188474036929,-0.0035920105429197817,-0.006223877054602412,-0.006034509236230502,-0.005870680984768618
1998M04,-0.006272080314963551,0.007785423132247421,0.0008215823275983213,-0.0042981801331432225,-0.004808591417615491,-0.0013543692811753044
1998M05,-0.0076938163249883115,-0.006126164324527245,-0.004579690368512336,-0.005244529877470944,-0.005386086165799915,-0.00580605741225975
1998M06,-0.008405869116349236,-0.006450597125197521,-0.005509112012991906,-0.006008364502970211,-0.006099091594419991,-0.006494606870385773
1998M07,-0.008297148317199524,-0.006495469112992002,-0.006953610871017951,-0.0057221257399679235,-0.006055151144491715,-0.0067047010371338225
1998M08,-0.008622166248378079,-0.006630152141521159,-0.007134211192565814,-0.007821124069539137,-0.006421002252854626,-0.007325731180971763
1998M09,-0.0076163688856947555,0.007412582463881507,-0.004531076649445125,-0.006455505505407896,-0.005388190170225869,-0.0033157117493784276
1998M10,-0.00725297192503383,-0.006504980210049977,-0.0036375079573972543,-0.007538332014773684,-0.004891525409027398,-0.005965063503256429
1998M11,-0.006012508289621137,0.007321153754042027,0.006456945896173999,-0.004949631790533935,-0.004799651286415855,-0.00039673834327098
1998M12,-0.006211254935510061,-0.006344632834558096,-0.0025241762471239675,-0.004250729690812938,-0.005110978458664518,-0.004888354433333917
1999M01,-0.005730356432523832,-0.006317685967184443,-0.002785443597365547,-0.003718771297639604,-0.005896134914042296,-0.004889678441751144
1999M02,-0.007695661605967477,-0.0065866539395171165,-0.0070027391760290195,-0.004811617546103813,-0.0063718234894030055,-0.006493699151404087
1999M03,-0.007875321097554894,-0.006700431033598387,-0.007154502386417468,-0.006829723160481209,-0.0061755847421680315,-0.006947112484043998
1999M04,-0.0084584828265884,-0.006641892204734786,-0.007068309510655139,-0.00673089115152389,-0.005874444243368346,-0.006954803987374111
1999M05,-0.007627956072861259,0.007004418940762506,-0.00493432826631651,-0.008135084550826194,-0.0047595362372726685,-0.003690497237302825
1999M06,-0.007165778803081712,-0.0065525292851853914,-0.003912819995587306,-0.008055474397011734,-0.006090105874526705,-0.00635534167107857
1999M07,-0.00703027621691057,-0.006548621086460472,-0.004797615304684434,-0.00805448000706444,-0.006187498030354352,-0.0065236981290948525
1999M08,-0.00387119505907542,0.0068137682391354966,0.0005538448094849768,-0.0014069930442454645,-0.004812285885769646,-0.0005445721880940115
1999M09,-0.0021336402269405393,0.006992767194000084,0.005425846469795445,0.004957214688426208,-0.0011927839273624813,0.002809880839583743
1999M10,-0.002279048960361671,-0.006313717783538421,0.005752762162093863,0.0041134142005289885,-0.0012437520093813992,5.9315218682720255e-06
1999M11,-0.003132197924740371,0.006878425845741585,0.00491478929522189,0.003867601859201101,0.0014840370012916678,0.0028025312153431743
1999M12,-0.0012488950770372115,0.006881977053603908,0.002183990214073954,0.00675447962111347,0.004520869139270961,0.0038184841902050167
2000M01,0.0007505220120922543,0.007034064944776341,0.007073803708344407,0.008937319443892361,0.005814567155124555,0.005922055452845984
2000M02,0.0038803511008925033,0.006988392829385417,0.007014160069173434,0.008570050675501623,0.0057521361672202625,0.006441018168434648
2000M03,0.00427401164768532,-0.0062528819612899765,0.0019870442133870046,0.00319866932591315,0.005160501967884159,0.0016734690387159314
2000M04,0.0031907024311095076,-0.006279569726096337,-0.005301375687555241,0.0020742014005119425,0.004591610585842265,-0.00034488619923757276
2000M05,0.0031384803691730453,0.006786474346974653,-0.005295307756240817,0.002293730732658447,0.0037095698820709183,0.002126589514927249
2000M06,0.0027392457841556757,-0.006205333244061741,-0.00537818520306438,-0.0008344306559042083,-6.261455882837757e-05,-0.0019482635755406063
2000M07,0.0023962834484928947,-0.006228866513786978,-0.0053846920549223765,-0.006604124201437149,-0.0005342162953867668,-0.003271123123408075
2000M08,0.0008216535570789024,-0.006201204571838716,-0.0066015473320548725,-0.0074200965901359455,-0.000861191799058773,-0.0040524773472018815
2000M09,-0.0006671173752081875,0.006585285256733249,-0.0014107273996061638,-0.004297868492905288,-0.0008051381514396746,-0.00011911323248521288
2000M10,-0.0015494387528856637,-0.006086331718247296,-0.002649589753328957,-0.004771241545413259,-0.005015346204941702,-0.004014389594963376
2000M11,-0.0024261364902985897,-0.006138790196669474,-0.003740261900923406,-0.0060584624835293135,-0.005868306183517606,-0.004846391450987678
2000M12,-0.001179584355150024,0.00637833789431977,-0.0009231740155248667,-0.0009240867073060325,-0.002255134523035121,0.00021927165866074508
2001M01,-0.0029589331190070867,0.006354353368658231,0.0021866232567945105,0.0007537411802789867,-0.0011754165524002474,0.0010320736268648787
2001M02,-0.003910563034606076,-0.005923015268594173,0.0018960710158676102,-0.0005311945743099135,-0.0023030456814714696,-0.0021543495086228043
2001M03,-0.0040210711957973195,-0.005997670057341477,-0.004873572653814257,-0.002895954631425862,-0.0024090285076594385,-0.004039459409207671
2001M04,-0.004219602823148509,-0.006056315392903935,-0.006512634506107068,-0.0028137553283362256,-0.002663614748922423,-0.004453184559883632
2001M05,-0.0034183721568950562,0.006170398747374752,-0.0031720150143832327,-0.000414356058351769,-0.00150849921729654,-0.0004685687399103692
2001M06,-0.003411940657719924,-0.0059310043620275955,-0.0030230728376014026,-0.004701135015504442,-0.0029016716850493477,-0.003993764911580542
2001M07,-0.0011856198805922594,0.005991423296283601,0.0024811581557379952,-0.0020184419130486507,-0.00033981834963346495,0.0009857402617494443
2001M08,-0.0015462829020994901,-0.005726292038366158,-0.00040709157702868443,-0.0017630706196283584,-0.00019430298133478636,-0.0019274080236914956
2001M09,-0.003402632231146347,-0.005912027207420307,-0.0021288168466165403,-0.0027793448235552748,-0.0033734918797829992,-0.0035192625977042936
2001M10,-0.0044567495825968756,-0.0062178722058137065,-0.006650438395598825,-0.004282207293216123,-0.005064321727899541,-0.005334317841025014
2001M11,-0.0022751238848804506,0.005848680135615138,-0.003023285481301617,-0.002558446344390405,-0.002637776952846657,-0.0009291905055607983
2001M12,-0.0029888015612931623,0.0058645270850348884,-0.0008777636630765513,-0.0013630917335013181,-0.0016691934546357,-0.00020686466549436864
2002M01,-0.0025202965883965797,0.00590984929348345,0.006004891489873804,-0.0020510860030110096,-0.0005217921625028325,0.0013643132058893666
2002M02,-0.001954644481421429,0.005871672156366599,0.0059520536289641565,-0.0014060024805901041,-0.0009492647350755334,0.0015027628176487377
2002M03,-0.00019605802169879102,0.005999331351017258,0.006123348194097636,0.0022839748031008448,0.0007546310084173549,0.002993045466986861
2002M04,0.00022792938435636963,-0.005954637175977848,0.004328333688185186,0.007966396934124625,-0.00045264829431388483,0.0012230749072748895
2002M05,0.0001395569149380757,0.005915529523070373,0.004652900488783684,0.007639708326083687,0.00044283689895973765,0.0037581064303671115
2002M06,0.0022433904765846585,0.0061322805763729185,0.0052617997478018865,0.008323770461249295,0.0037100159317539827,0.005134251438752549
2002M07,0.0024210826739877317,0.006261375831443303,0.0064607941078727305,0.008607637981508131,0.008298724909815583,0.006409923100925497
2002M08,0.003032727314854133,0.006228146426558474,0.00641431761558411,0.008528349405433094,0.008097091760558138,0.006460126504597591
2002M09,0.005775576337834714,0.006385910004877747,0.006621420423268056,0.008800440136501097,0.008471854362978499,0.0072110402530920215
2002M10,0.009646091890834822,0.006356432057564809,0.006579797523433006,0.009367178690240395,0.008345692024294166,0.00805903843727344
2002M11,0.009327997418386604,-0.005853422619751999,0.006403926339821292,0.009175903046476074,0.00816028617641776,0.005442938072269946
2002M12,0.009508179024908688,0.0063011961908435304,0.006469290292681686,0.009271765799943814,0.008287994779217404,0.007967685217519024
2003M01,0.009553465083169739,0.0063437263603513296,0.006565693033608643,0.009294312714324612,0.0088304470752468,0.008117528853340225
2003M02,0.009561493676490776,0.006363499119556691,0.006687754210186763,0.009293077705532374,0.008829432820624742,0.008147051506478268
2003M03,0.007495317932544838,-0.005683032747992007,0.0017061641986685925,0.004983189574403345,0.006512532465485544,0.0030028342846220623
2003M04,0.005673995070150361,-0.005773197305185506,-0.0033625452632766316,0.0013318672002876827,0.0034319255020219264,0.0002604090407995664
2003M05,0.005613376481036951,0.006212182102085004,-0.004594838101242072,0.001837776729264315,0.003538386599718674,0.0025213767621725747
2003M06,0.004459099825009964,-0.005696049085605046,-0.003925301008607824,-0.0005839015524227451,0.0017223429261560234,-0.0008047617790939255
2003M07,0.0031896212340003036,-0.0056763275293715615,-0.0006012219057202912,-0.003276900059270899,0.0011190401211360421,-0.0010491576278452812
2003M08,0.003910752632981348,0.00614179513219152,0.0031772280446067,-0.0017039810479837552,0.002384861070188379,0.0027821311663968383
2003M09,0.0037619216996379254,0.006239596117813455,0.0055062048950439,0.0027241205901092818,0.0026071403412926512,0.004167796728779443
2003M10,0.0058417054823083365,0.006608743993102073,0.006980394895584604,0.008252410929950976,0.0046833350453116375,0.006473318069251525
2003M11,0.006687248582874438,0.006781379922598718,0.007201247320184437,0.008688521440592272,0.005412124499162635,0.006954104353082501
2003M12,0.006732948365643712,0.00683229825563736,0.00726306952694341,0.009110773685034651,0.006729280923644282,0.007333674151380682
2004M01,0.007549831301028707,0.007077660056718519,0.007576558949956627,0.009868005094853064,0.008909102987326556,0.008196231677976696
2004M02,0.008161659484780122,0.007268169430386728,0.007817788086432128,0.010157791971977071,0.009323920676443118,0.008545865930003834
2004M03,0.009460948071768557,0.0074135506598120415,0.007999815115065874,0.010367959038083569,0.009794300790846961,0.0090073147351154
2004M04,0.01009308658811944,-0.005517121094920917,0.006856938656947461,0.009589366340916103,0.009424168925323011,0.00608928788327702
2004M05,0.00724536219056706,-0.005698080889429271,-0.0003136281847215391,0.005425647317684577,0.00673357771618319,0.0026785756300568035
2004M06,0.0069415727877608635,-0.005692225552895595,-0.006363026462144003,0.0044985252244187845,0.006149490917953605,0.001106867383018731
2004M07,0.006788540012374366,-0.00567542177247543,-0.006332682790999408,0.002210800265630233,0.005071179264918165,0.00041248299588958514
2004M08,0.005809229210271468,-0.005713960182324686,-0.006379775927583531,-0.00201905054287811,0.0035530205674272767,-0.0009501073750175166
2004M09,0.00557688125515321,0.0073238302730442555,-0.004025563643847355,-0.006839112080881451,0.0032184305909972776,0.0010508932788931874
2004M10,0.004749068534735482,0.007314335387322502,-6.930904783757769e-05,-0.004972546876277949,0.0018196849804614137,0.0017682465956807742
2004M11,0.004166465813959729,0.007297703057673276,0.007532591893009708,-0.00035414460834846083,-0.00011403768931608858,0.003705715693395632
2004M12,0.003873928410347338,0.007270221952344045,0.007494927961671988,0.0018631711055243708,-0.002988374727181348,0.0035027749405412783
2005M01,0.003569715111504718,0.00740338208863852,0.007663980623981247,0.006124038694259329,0.0005776021707308192,0.0050677437378229264
2005M02,0.0036930478640668975,0.00756993471395328,0.007875196008595854,0.009735011723750811,0.00572590078527086,0.006919818219127541
2005M03,0.004732933632759452,0.007850501355312777,0.008231546042561141,0.0101836729110116,0.0076381264582554625,0.007727356079980087
2005M04,0.003489826376742224,-0.005652462640943244,0.004990718232496229,0.007119826096498797,0.0057639467921118065,0.0031423709713811624
2005M05,0.004439950536024882,-0.00570814965623819,0.0019170482593315,0.005450308762468022,0.0053501899999159165,0.0022898695803004266
2005M06,0.004782223704833182,0.007651919970630768,-0.006144906551861439,0.005327892934938912,0.005264976223617353,0.0033764212564317553
2005M07,0.0049204066279315475,-0.0056649722771420115,-0.0058946832391902045,0.004262463015442219,0.005009011343018962,0.0005264450940121025
2005M08,0.005852793916836328,0.007589730399173661,0.004346884047466843,0.002586181982713335,0.004939757296811251,0.005063069528600283
2005M09,0.00596715912919004,0.007583725944522527,0.006494510691785653,-0.003614564970256952,0.0050380328443188835,0.0042937727279120305
2005M10,0.006351594727478073,0.00765653571309693,0.007920103062269847,0.0038157690112040265,0.004970799434367907,0.006142960389683357
2005M11,0.0064733241079167406,0.007666994213478082,0.007931094440505227,0.009119508287866594,0.004366459169662852,0.007111476043885899
2005M12,0.007350419303746459,0.007873052530281633,0.008191512095995952,0.009648438136741998,0.004247070117910769,0.007462098436935363
2006M01,0.007870880433159299,0.008080966007935411,0.008453330050629676,0.010190591764545832,0.007557204484157123,0.008430594548085467
2006M02,0.008162044692387339,0.00823807929274355,0.008649666249843254,0.01042838993728528,0.009438239526493277,0.008983283939750541
2006M03,0.00684898755970674,-0.005606563161202726,0.007478649620520673,0.009561174620648493,0.008671626673421102,0.005390775062618857
2006M04,0.009643074419498337,0.008146954422668204,0.008016840137736157,0.010154273800780753,0.009464348359658608,0.009085098228068411
2006M05,0.01180363447651267,0.008604415988721857,0.008848497895269609,0.010999243353329658,0.010422635065738827,0.010135685355914525
2006M06,0.0074873090867609154,-0.005200503957099031,0.0043488965406535355,0.0063723991165075345,0.006709930831055062,0.0039436063235756035
2006M07,0.008036854578450608,0.008191789164109071,0.0038730926051461292,0.006428302540215327,0.007023437659444857,0.0067106953094732
2006M08,0.008024605619874236,0.008163808119635867,-0.00039800544139411125,0.005923373324469785,0.0069674113235714515,0.005736238589231445
2006M09,0.007533503036880504,-0.004960507055365557,0.006540709982860406,0.005749471563216797,0.006219242998700897,0.0042164841052586095
2006M10,0.007859509059151273,0.008066859424766547,0.006675274869393273,0.005353704802803854,0.006307776803304753,0.0068526249918839394
2006M11,0.008047115279733253,0.008129751084995644,0.007402871846729876,0.0031415210977983497,0.006238273054714751,0.006591906472794375
2006M12,0.007907905274322367,0.008163339839004257,0.009306196925088266,0.009875622439592158,0.006700031905821427,0.008390619276765696
2007M01,0.006710335599071639,-0.00472797457019963,0.0046768988988635015,0.006644537646527964,0.005137412124021812,0.0036882419396570575
2007M02,0.006805494791279896,0.008029486355254734,0.0054490914185477595,0.007627234874549252,0.003963147705909663,0.006374891029108261
2007M03,0.007486262429597337,0.008130205011426512,0.006211297536826741,0.00918173035489911,0.008416043424284548,0.00788510775140685
2007M04,0.007624425881746801,0.008326374356642378,0.009533177360980156,0.009603778025810441,0.008836889066973398,0.008784928938430634
2007M05,0.0068761662076726755,0.008398075965492344,0.0096136755098222,0.009734585994275496,0.009108304772618918,0.008746161689976327
2007M06,0.010023644149013352,-0.004524829830375505,0.00854056694244729,0.008905297983940401,0.009163314289930568,0.006421598706991221
2007M07,0.009935842347472476,0.00832114370473192,0.007957298470075709,0.010780144660111617,0.009093132304911806,0.009217512297460706
2007M08,0.008117723591608053,-0.004401225502075735,-2.7273250070277387e-05,0.007697864977292983,0.007039755700097629,0.003685369103370531
2007M09,0.009342065255822223,0.008161742408525269,0.0056178753532429414,0.00830281799200817,0.007723672313616206,0.007829634664642962
2007M10,0.009788225936319903,0.008358779936894607,0.006878563520359375,0.008598849049705629,0.009301762302839866,0.008585236149223876
2007M11,0.009770697085564651,0.008379070798378449,0.009656853454237072,0.008457760363561082,0.009236524058502704,0.009100181152048793
2007M12,0.009236819369160175,-0.004117585740236594,0.008550573128485464,0.008379750809135637,0.008600209955762817,0.0061299535044615
2008M01,0.010873062473990218,0.00830569750549853,0.008973552863458387,0.009366685484018148,0.009082431127513696,0.009320285890895796
2008M02,0.011877919544316393,0.00871772408400849,0.009880680652274518,0.012004303148068239,0.010184682016946186,0.010533061889122765
2008M03,0.012641925637493895,0.009050344088816328,0.010694958283625471,0.012525624593749687,0.011239089694686268,0.01123038845967433
2008M04,0.012723834626275988,0.009134005567423768,0.010786194008549764,0.012608323437288864,0.011401440080217895,0.011330759543951255
2008M05,0.012536553072730827,0.00908618269343321,0.01071463555768886,0.012491917038079272,0.012223846547100634,0.011410626981806562
2008M06,0.01277757577853485,0.009093822947233678,0.010711954897939222,0.01277514921557455,0.012187750930503501,0.01150925075395716
2008M07,0.01260604036282578,0.00904257488822608,0.01063677291045249,0.012660543316073044,0.012030663335118586,0.011395318962539197
2008M08,0.008449670102580034,-0.003770178541546238,-0.0038163125847010698,0.003849240040930407,0.006728087001800874,0.0022881012038128016
2008M09,0.004831046459402801,-0.004195051591459763,-0.006546518471950623,-0.003676277330214862,0.004000671483679635,-0.0011172258901085623
2008M10,-0.0003305104286624311,-0.005367230883090098,-0.008252148870263045,-0.008478986700516803,-0.0008177222923262516,-0.004649319834971725
2008M11,-0.002286801699284252,-0.006081914578005984,-0.009237977970512297,-0.009902211069802684,-0.004217072841844326,-0.006345195631889909
2008M12,-0.0030827350402345237,-0.006455504772945108,-0.009736774457184868,-0.011169294009541645,-0.00712302732638331,-0.007513467121257891
2009M01,-0.003034426787465165,0.008586355284469202,-0.005200863290552163,-0.00888043069833963,-0.0061968051459962035,-0.002945234127576792
2009M02,-0.004950995141638438,-0.0061024926082591845,-0.0012904106392290088,-0.008600896251936621,-0.006283970513592901,-0.005445753030931231
2009M03,-0.007019388530382405,-0.00607620127869952,0.007117664353633292,-0.008164093887806676,-0.0066362089349587755,-0.004155645655642816
2009M04,-0.006672600272244629,0.008487663656943808,0.005976415529957053,-0.0036653236400405673,-0.005482912734011164,-0.0002713514918790998
2009M05,-0.005090485618632184,0.008706292048829,0.010480179282831036,0.004169664745456813,-0.003593278434883084,0.002934474404720316
2009M06,-0.004835160079905962,0.008757172171531064,0.011025092889569791,0.010736591670028984,-0.002466865782999236,0.004643366173644929
2009M07,-0.005079239058885016,-0.0058339177332400885,0.006017883750093694,0.00675026142217644,-0.00018164335902041452,0.00033466900422492277
2009M08,-0.0025354792578366776,0.00859302928977659,0.007358300510797873,0.009678022450429927,0.004873027737627178,0.005593380146158978
2009M09,-0.002150551418891384,-0.005372955369417981,0.0028577169999602116,0.0071845509697896544,0.006101038113583717,0.0017239598590048436
2009M10,0.001319828183165393,0.008397046263300881,0.006489140900972759,0.007097354259785195,0.005893527945829644,0.005839379510610774
2009M11,0.005070381368678853,0.008540619251423017,0.004882233073397465,0.006991699296868572,0.00688717728413652,0.0064744220549008856
2009M12,0.007779428520648794,0.008644148926330444,0.011225786022676503,0.007391264550003685,0.007384554002676646,0.008485036404467215
2010M01,0.007819330088949226,0.008755234463605923,0.011344519340482386,0.009771540704799773,0.007536792432627732,0.009045483406093008
2010M02,0.006248646821752903,-0.005198446967736102,0.0033221122526229125,0.004584449157383218,0.005071787821606156,0.0028057098171258175
2010M03,0.006574621659095716,0.00851341242831317,0.002394715477535987,0.007504836135314181,0.005131349273810553,0.006023786994813922
2010M04,0.006861323372029467,0.008669195675327316,0.003353555641898799,0.00808728394536922,0.006618118891785915,0.006717895505282144
2010M05,0.004245971206953831,-0.005063150073641427,0.001539507955389532,0.0027608256047901604,0.0032922483238948547,0.0013550806034773903
2010M06,0.0030827482698281075,-0.005191482984159569,-0.0023307715426444213,-0.00022054456334446096,0.003143104224767502,-0.00030338931911056826
2010M07,0.004135226491423536,0.008356788351908714,-0.0037529618638955766,-0.0003167098855023226,0.003332872422222007,0.002351043103231272
2010M08,0.004287096228848448,0.00862777376399654,0.006494974141266641,0.00471964555689784,0.004066086663137273,0.005639115270829349
2010M09,0.0057888707941037105,0.008792464269373149,0.01113739299955446,0.005613450958469143,0.004458880865659001,0.007158211977431893
2010M10,0.006484146998810066,0.00904462682177382,0.011435037127088356,0.006411280626219963,0.0051637472866200886,0.007707767772102458
2010M11,0.006642275465118035,0.009162187375454236,0.011564851947539041,0.010385804785035339,0.0069031278777644,0.00893164949018221
2010M12,0.0071244525751869335,0.009359874698902105,0.011793909587548786,0.012827938231360043,0.007454815563955591,0.009712198131390692
2011M01,0.007587442887153537,0.009555712199197005,0.012020255052979942,0.013106861196090232,0.007827039595320327,0.01001946218614821
2011M02,0.00927208880385222,0.009732964530472444,0.012223196683950093,0.013355199506614908,0.01010279724163795,0.010937249353305523
2011M03,0.007557204919658175,-0.004997242693828513,0.006201113873211246,0.009845725447581184,0.009058304910060423,0.005533021291336503
2011M04,0.007462536826889908,0.009505106691959496,0.004421326344215876,0.009394212584784303,0.009079091430660725,0.007972454775702062
2011M05,0.007337242852267949,-0.004873277819282545,-0.005009717876542731,0.005776690092820717,0.006940407329565389,0.002034268915765756
2011M06,0.008079711402755794,0.009272493303588295,-0.0017339913696057183,0.004167633916574213,0.006567844454634218,0.005270738341589361
2011M07,0.008016098886582116,0.009280070940154303,-0.0030092581296391196,0.0021210574047363477,0.006032654800926505,0.004488124780552031
2011M08,0.006962051261453314,-0.004828005817513139,0.0024017059145138558,-0.0033526403457241226,0.00489500160746786,0.001215622524039554
2011M09,0.005387020489923518,-0.004948612154253255,-0.00402799366990782,-0.0028936644118435217,0.0025559883873921604,-0.0007854522717377837
2011M10,0.0022433371866124674,-0.005301804180958929,-0.009182486508283278,-0.007610768282815596,-0.0012853914402897702,-0.0042274226451470215
2011M11,0.000791650228846255,-0.005435673940344052,-0.009342055684125609,-0.0076261191393536066,-0.004311034472089173,-0.005184646601413237
2011M12,-0.0010667374933221148,-0.005529568644200052,-0.009443604020211611,-0.008365511947845827,-0.0042934059430860105,-0.005739765609733123
2012M01,-0.001917866524065899,0.00917236071206442,-0.002566783521161918,-0.006871090363880904,-0.0037471812118982884,-0.0011861121817885178
2012M02,-0.0027829615456312516,0.009247308383692915,0.005304830672458991,-0.004029159698004728,-0.001581360180075468,0.001231731526488092
2012M03,-0.0018884255721913308,0.009223664358343521,0.011772180236544303,-0.002621732740448195,-0.0014414110971237995,0.0030088550370249005
2012M04,-0.0027164858711598945,-0.005361427143127679,0.011299931251559722,0.0018501972598383085,-0.0021129412299291106,0.0005918548534362692
2012M05,-0.0025086815318588803,-0.005453875631206988,-0.005262638591836511,0.0025638823004097613,-0.002386763444732141,-0.002609615379844952
2012M06,-0.003396077862021836,-0.005608134582544807,-0.009132243047041244,0.0012578569482769725,-0.0026391996095472916,-0.003903559630575642
2012M07,-0.0020825665763486052,0.009173090723255443,-0.0007681820315069785,0.002524586976236285,0.001210736880458179,0.002011533194418865
2012M08,-0.001968265689056038,-0.0053714775222808925,0.00101933499641952,-0.0005807710090984745,0.002198321242734099,-0.0009405715962563573
2012M09,-0.000563711009493241,0.00909872030228908,0.009589697988031423,0.0009884284577490084,0.004163984731214939,0.004655424093958241
2012M10,0.0007202109466109257,-0.005239316942009069,-0.0004250317488943556,-0.0005888622957371577,0.002007195345747579,-0.0007051609388564155
2012M11,0.0010316471622525362,-0.005311812327950795,-0.002349883346626484,-0.00038737644335983847,-0.00022390124315748924,-0.0014482652397684141
2012M12,0.0024039539320853615,0.008952795672954324,-0.00402300317925965,0.0037258610669299377,0.0002346870406718729,0.0022588589066763693
2013M01,0.0014863723264116153,0.008912935093532479,-0.00039441333391608546,-0.00033855352848199613,0.000328274942658263,0.001998923100040855
2013M02,7.155789524698579e-05,-0.005215117966438266,0.008075273746632236,3.446483112266689e-05,0.001190428094457423,0.0008313213202042092
2013M03,-0.0013867187909665036,-0.005348350420502052,-0.007959935833749135,-0.00613287338427043,0.001283871424827593,-0.003908801400932105
2013M04,-0.0023101871025936133,-0.0054891413724876955,-0.00884631831788107,-0.0066490731525027415,-0.0027196466277310226,-0.005202873314639228
2013M05,-0.001818296829908893,-0.005475430098276454,-0.008799208017816739,-0.006002208397143438,-0.0026523149165815114,-0.004949491651945407
2013M06,-0.0012134953469983356,-0.005513463778018002,-0.00882705010861823,-0.009462958972115871,-0.00484628659424054,-0.005972650959998196
2013M07,-0.004428140474909543,-0.00557304771497082,-0.008885970618119068,-0.009871525761625486,-0.004882378953265362,-0.0067282127045780555
2013M08,-0.00433927652111942,-0.005554448263890136,-0.00883301330842359,-0.009793801363133983,-0.0045935451167969715,-0.00662281691467282
2013M09,-0.006298405922841017,-0.005560538607255278,-0.008815847664612061,-0.009762235045112859,-0.006427456708995012,-0.007372896789763246
2013M10,-0.005575492263437305,0.008855529103871832,-0.0034064521587346833,-0.008005465062200899,-0.006019901075675243,-0.00283035629123526
2013M11,-0.005429211628233795,-0.005512037108754242,-0.005294878436625259,-0.008195631292831091,-0.006076683900936725,-0.006101688473476223
2013M12,-0.006389383498093315,0.008766148703991235,0.00048284997606691006,-0.00551384830147421,-0.005037261134284114,-0.0015382988507586987
2014M01,-0.006661358229380866,-0.005457936344549338,-0.004755686983320653,-0.0046050372745286864,-0.004584642657588522,-0.005212932297873613
2014M02,-0.00540723527454084,0.008678580412522157,0.0032118184631221795,-0.0006368944455948794,-0.0026855483406620227,0.0006321441629693188
2014M03,-0.0021442377013080162,0.008738243741776503,0.006649868153793049,0.005477206319298907,0.0011956264260231698,0.003983341387916723
2014M04,-0.00041756898150010786,0.00869584666888811,0.011084713021137869,0.005046905874351698,0.0031198724289340125,0.0055059538023623155
2014M05,-0.0005232486933106299,-0.005381076157551649,0.007539851962548335,0.006342981121649067,0.0027828671622716194,0.0021522750791213483
2014M06,-0.0007341485807238948,-0.005432433565364456,-0.00836403849746206,0.0017479752171929985,0.0017343552058975828,-0.002209658044091966
2014M07,0.0004884490335669645,-0.005407802169218656,-0.008525204648418352,0.003469094283899646,0.001275498165324556,-0.0017399930669691685
2014M08,-0.0002969138249686509,-0.005438914278684238,-0.008545710070249806,-0.0007487153672359644,0.0010062218965144632,-0.002804806328924839
2014M09,-0.001816852890623665,-0.005572615519597161,-0.008711716507419321,-0.009469478163461527,-0.0016400881038813476,-0.005442150236996604
2014M10,-0.0026883424124996905,-0.005604031830945754,-0.008732648324654362,-0.009566998256942072,-0.0017928662140096795,-0.005676977407810311
2014M11,-0.0023139601829842184,-0.005576326743435588,-0.00867034253851378,-0.009479617405733875,-0.0028460323411769687,-0.005777255842368885
2014M12,-0.0037524956699380016,-0.005676240748695917,-0.008788172833811857,-0.00962202898656267,-0.006558792258100832,-0.006879546099421856
2015M01,-0.004485178547219382,-0.005816702662269318,-0.008962692021012401,-0.009836007485009174,-0.006888091127801359,-0.007197734368662327
2015M02,-0.005720539377875431,-0.0058787341128353175,-0.009026788513773958,-0.009909241108166962,-0.00700919862853476,-0.007508900348237285
2015M03,-0.00823827067933232,-0.005947204007565478,-0.009099860702188493,-0.009993667394877843,-0.00714273253368128,-0.008084347063529082
2015M04,-0.008207033246431584,-0.005935961938318255,-0.009061601117009304,-0.009937257088508913,-0.007105912685322826,-0.008049553215118176
2015M05,-0.0072167234747214605,0.00863093225400759,-0.0037698890513084985,-0.00815939091118169,-0.006089363134774171,-0.003320886863595646
2015M06,-0.007302214372531894,-0.005864332223683551,-0.003112348850693266,-0.008032349377623775,-0.0060605635261731065,-0.006074361670141118
2015M07,-0.0074392323334718765,-0.005910295167984648,-0.004826589969958343,-0.007631763239371477,-0.006152505649418084,-0.006392077272040886
2015M08,-0.007924838088762634,-0.006099867528250963,-0.009251571034245587,-0.008382316002799987,-0.00670614166183688,-0.00767294686317921
2015M09,-0.007876870715669195,-0.006124110400957696,-0.009263257889187386,-0.008224956773853626,-0.00666651953398449,-0.007631143062730479
2015M10,-0.007661724398572579,0.008511163501936194,-0.008897154728756438,-0.007908690887466291,-0.006282024000361647,-0.004447686102644152
2015M11,-0.007952027531525742,-0.00608932026984588,-0.008865681803006628,-0.010085068055694698,-0.006499340485884458,-0.007898287629191482
2015M12,-0.007857777264151275,-0.006093219261201895,-0.008795616227519589,-0.010042289668115779,-0.0063823069834594275,-0.007834241880889593
2016M01,-0.007887421521984881,-0.006158434850028319,-0.009367536259633168,-0.010122980022875153,-0.00660872053468881,-0.008029018637842066
2016M02,-0.006887513771783477,0.008339970115565983,-0.004694704307059899,-0.007535495716176389,-0.006653575953546669,-0.0034862639266000904
2016M03,-0.003640606336705261,0.008453016407959802,0.004394555151729738,-0.00031000008141343106,-0.0031698687109596784,0.0011454192861222337
2016M04,-0.0018573124380956213,0.008526688751442175,0.011019196894760042,0.0022985453852962107,-0.0008749876800378696,0.0038224261826729873
2016M05,-0.0014853637608337536,0.00855364185387688,0.011038245964912664,0.006880887464911606,0.002278065827316371,0.005453095470036753
2016M06,0.0002490880212051693,0.00861320249333791,0.011098990426164091,0.008928555563444884,0.004105682335889347,0.00659910376800828
2016M07,0.0007237072473581154,-0.006090215388174919,0.009245846178951973,0.011630665783696802,0.0037980083778064513,0.0038616024399276846
2016M08,0.002391811400778574,-0.006110627847648847,0.003042830044104914,0.009265303601203447,0.0049715627297447626,0.0027121759856365705
2016M09,0.0025363040840669683,-0.006119419659249623,-0.00905520820614238,0.0062012164798569205,0.004798927103629036,-0.00032763603956781557
2016M10,0.0021894086228619533,-0.006112838821019606,-0.009026552657923704,0.0027352808563105083,0.006048861103811467,-0.0008331681791918764
2016M11,0.005249278875492687,0.008556066906644049,0.005469738505437848,0.005088317536105398,0.006831632055891101,0.006239006775914217
2016M12,0.0059153162733624805,0.008544822447793728,0.00873994964216425,0.0035234989602629385,0.006262007912943237,0.006597119047305327
2017M01,0.007844737316217047,0.008592625069268948,0.010856367253749407,0.006138577759621396,0.006211975233332636,0.007928856526437888
2017M02,0.007934054633619599,0.008604840001202386,0.010858313561869682,0.008954384062968598,0.006166790587169522,0.008503676569365957
2017M03,0.00592831731864552,-0.005921745352224695,0.004293311061246726,0.007334641216469167,0.003592530855744196,0.0030454110199761826
2017M04,0.0035029387949160502,-0.005991752405697748,-0.004019427520198971,0.004661361348955041,0.002081968505071693,4.701774460921307e-05
2017M05,0.0029574566277721214,0.008495941612658816,-0.008015124616525317,0.001531489789393185,0.0029426804632264256,0.0015824887753050462
2017M06,0.0011550908420845576,-0.005956645876132965,-0.007899099285271643,-0.0006940189192211378,0.0027688287227853334,-0.002125168903151171
2017M07,0.002348319264389359,0.00841205213714637,0.0039876509557793816,-0.001042961587096939,0.004013204412787296,0.0035436530366010936
2017M08,0.0034985335230407304,0.008414935851172414,0.005469159737777356,-0.0014408859979495713,0.0027810986841827158,0.0037445683596447296
2017M09,0.004509294429348323,0.00842162252031841,0.010630356359050927,0.0023843569924765443,0.0030387497821047996,0.0057968760166598006
2017M10,0.0047123287597508725,-0.0058493880647778945,0.008906332622835487,0.006982007429720948,0.00150355443517659,0.003250967036541201
2017M11,0.003461290559901865,0.008374647090864756,0.00841262243848519,0.007272600327950534,0.0008528218636824798,0.005674796456176965
2017M12,0.002477571254152121,-0.005801094873975431,-0.002143414342424976,0.00804824811589283,0.0016218059215848983,0.0008406232150458883
2018M01,0.003423361021333793,0.008305062555394177,0.00764627698177312,0.009204416261780344,0.006589423436112458,0.007033708051278778
2018M02,0.0035692791410561744,0.008327275439682862,0.008156137567676122,0.009413912457633719,0.007003484119266585,0.007294017745063093
2018M03,0.0044051920178077115,-0.0056156912745092295,0.00876682413234594,0.00759981823553587,0.007570335392109043,0.004545295700657867
2018M04,0.007239875224326782,0.008268961901457874,0.008193354582223438,0.009051570346635843,0.007716964829323233,0.008094145376793434
2018M05,0.0072321589508772995,0.008240852154414328,0.007177972244035224,0.008939137663722285,0.007535946593185909,0.00782521352124701
2018M06,0.005831286758351787,-0.0055000904694112685,0.001148290288711603,0.006035409319188802,0.0043679267212119195,0.0023765645236105684
2018M07,0.0017925177411752848,-0.005680114676607698,-0.007909455936220305,-0.0023566035624460035,0.0010584268233338077,-0.002619045922152983
2018M08,0.0004693226493654879,-0.005733612831633291,-0.008566094527141351,-0.005227023212671274,-3.150663913453148e-05,-0.0038177829122429917
2018M09,-0.0008539769070608693,-0.005795036814381006,-0.008633082598712033,-0.005761394623899725,-0.0005410060070142123,-0.004316899390213569
2018M10,-4.58323799576877e-05,0.008112232632843781,-0.0033404243434825695,-0.006629692581588217,-0.0018091906956867769,-0.000742581473574294
2018M11,-0.0007868010286927489,-0.005704458966418212,-0.0030250629985899566,-0.007282367602198586,-0.003302961638939158,-0.004020330446967732
2018M12,-0.000721268574758226,-0.00569979862915407,-0.0006113621579396655,-0.00693744677324379,-0.003304482714279311,-0.0034548717698750127
2019M01,-0.0024813130112618263,0.008011571816863558,-0.0053059875838364886,-0.004305804153478018,-0.0047382367307770715,-0.0017639539324979692
2019M02,-0.0021667592547254273,0.008055082912480065,0.0069595268458941505,0.0007870355397163586,-0.003245727724594532,0.002077831663754123
2019M03,-0.002093925886427093,-0.005655644099276233,0.00839916931470855,0.003734366910063928,-0.002732536985327957,0.00033028585074823915
2019M04,-0.0032956930757119625,0.008008994367351474,0.008325906539366299,0.0019508919269416846,-0.0003359722879642422,0.0029308254939966506
2019M05,-0.003968311841174873,-0.0056151822927729056,-0.005931324811905988,0.00088789259463329,-0.0004775572981768131,-0.003020896729879458
2019M06,-0.002253424814520384,0.007889850868874178,0.0007611716226379323,0.0043067227941794815,0.00242416895524334,0.0026256978852829097
2019M07,-0.00028031446605678283,0.007861272098301769,0.0002765222515920141,0.003991729774625592,0.0013741841275141343,0.0026446787571953456
2019M08,-0.001378614994818313,-0.005521019527314449,-0.0028744204961205205,-0.004176797529500154,-0.0005983223805222405,-0.0029098349856551352
2019M09,-0.00021872824835958513,0.007655217573532341,-0.006274097403754345,-0.0033211047658824886,2.3455632321145448e-05,-0.00042705144242858646
2019M10,-0.0005650395225856274,0.007661426761348638,-0.0038427796056479616,-0.0023351214134189934,0.0004585660534306068,0.0002754104546253324
2019M11,0.001781989859908406,0.007723254248131203,0.009967970888123703,0.00249409060484488,0.0008126944620263738,0.004556000012606913
2019M12,0.0030641719901659883,0.007770568124162538,0.010016356884151742,0.002884377492170272,0.0022118011390405397,0.0051894551259382155
2020M01,0.0032836327564777024,0.007774199605521167,0.010008582008608626,0.00352659010852336,0.002516522998687233,0.005421905495563617
2020M02,0.00024530792690088607,-0.005479690107451087,-0.0007012628312371453,0.0033690463789317216,0.0012295339914128109,-0.00026741292828856274
2020M03,-0.0011281624381772118,-0.0056310090600710065,-0.006383355241802784,-0.00044245654540469616,-0.0012469263395746034,-0.00296638192500606
2020M04,-0.0020444259025492366,-0.005726992185846682,-0.008333885924360643,-0.002650993418864882,-0.0021099199854035166,-0.0041732434834049915
2020M05,-0.0011477836802985348,0.007574870924878908,-0.006286356150546255,-0.0040027010507551935,-0.00047564953317753237,-0.0008675238979797215
2020M06,-7.030864957574372e-05,0.0077125639707960065,0.0033305967806083487,-0.0020315377795711463,0.0012094742839990876,0.0020301577212513107
2020M07,0.0009597434704483694,0.007806020679410668,0.009724878727314945,-0.00044028907376312057,0.001985157556145081,0.004007102271911188
2020M08,0.0034448958137693764,0.007942930325806112,0.009890991280731303,0.004106146144038732,0.0026366125420273483,0.005604315221274575
2020M09,0.0039878516562927985,0.008018137709691054,0.009977293513745978,0.008210398110896635,0.002909236924327361,0.006620583582990764
2020M10,0.004167477244553067,0.008049868331954736,0.010007531169111038,0.011265312875324602,0.003135143544648636,0.007325066633118417
2020M11,0.00468770624482425,0.00818970536827139,0.01017672629497601,0.011477982805409072,0.005726651348604244,0.008051754412416992
2020M12,0.005362167890245652,0.008357752823774333,0.010381821150430083,0.011736970387026329,0.008306553541802614,0.008829053158655804
2021M01,0.006036536076740002,0.008509962430970762,0.010566214617423526,0.01196819438442259,0.010024439826636899,0.009421069467238755
2021M02,0.007751229194686018,0.008586760236437247,0.01065368756112759,0.0120724954904942,0.010165634016781739,0.00984596129990536
2021M03,0.00932039735371475,0.008586478347635599,0.010642446060863401,0.012048156497578077,0.010152120052198786,0.010149919662398123
2021M04,0.010678472140867496,0.008677928609198924,0.010748531009850154,0.012176376093647245,0.010320939957157675,0.0105204495621443
2021M05,0.011177214956139834,0.008903459813683783,0.011025592724019144,0.012526011560774,0.010753639538437082,0.010877183718610768
2021M06,0.010239136320602402,-0.005664529050462081,0.008564406433718292,0.010794256145787419,0.009705971586436938,0.006727848287216594
2021M07,0.010145151637147048,0.00881581841185276,0.0077955839581550865,0.010359152470238435,0.009635173954683086,0.009350176086415283
2021M08,0.00953104102495548,-0.00562381109418313,-0.005312227521916561,0.008822049569179612,0.008909116653830214,0.003265233726373123
2021M09,0.008904643335910404,-0.005629860382032343,-0.004328555793836475,0.0075167119444536825,0.007938513212039597,0.0028802904633069733
2021M10,0.009268736027273575,0.0087530139293031,0.006041696811763609,0.008025537638679565,0.008112428725400196,0.00804028262648401
2021M11,0.008954436863768496,-0.005430274379208846,0.00770921903887967,0.004024384781282531,0.007646082933778432,0.004580769847700056
2021M12,0.008771554130206244,0.008714063158137976,0.010489379872783727,0.007873785222790152,0.00774523125610662,0.008718802728004944
2022M01,0.009061173905988516,0.00885932374569745,0.010697712340219457,0.009704436765897037,0.008186222375704462,0.009301773826701384
2022M02,0.009355887275288306,0.008971673467600107,0.011118242737109861,0.011431952567757196,0.008008221171723716,0.009777195443895837
2022M03,0.010222337691894335,0.009236829755526806,0.011442995372447364,0.012872995683616637,0.010157925504880757,0.01078661680167318
2022M04,0.010139191622395433,0.00923799717715277,0.01143340328366984,0.012839066464400922,0.010188340373228442,0.010767599784169482
2022M05,0.006419829606447669,-0.005352977931282215,0.004132220831660498,0.007754063854524316,0.00704317800441527,0.003999262873153108
2022M06,0.004886285625046037,-0.005513039094837224,-0.00629682311111252,0.004634523360902823,0.0052094286934476035,0.0005840750946893439
2022M07,0.0019179896458915687,-0.005889600035103071,-0.008662177162549497,-0.0005614395476772616,0.0015102897022869237,-0.002336987479430267
2022M08,0.0020787691323131173,0.009013152598694368,-0.00846046342702977,-0.0021980979985778215,0.0015520221961652777,0.00039707650031303406
2022M09,0.001713979944782256,-0.005859638080258147,-0.008506435141892626,-0.008186909089847948,0.000786212673918282,-0.004010557938659637
2022M10,0.0005859502197081198,-0.005892592750796616,-0.008123185772027747,-0.00926459226665721,-0.0006951917885963423,-0.00467792247167396
2022M11,0.0007461699527254537,0.008892156108383238,-0.00583971927519179,-0.008469487420948869,-0.001769935695253944,-0.001288163266057182
2022M12,0.0006958407762953835,0.008894617612100305,0.001896494261084538,-0.006821757244374822,-0.00522825108378059,-0.00011261113573503706
2023M01,1.2628393134258425e-05,0.00892733880892803,0.011092152825839908,0.001248939569147952,-0.004758407306975769,0.003304530458014876
